"*Product Code","Channel","Notes"
"RKST3C01","portal","This Studio Kit has the equipment you need to get your new REVL Training site ready to open - suitable for a 3 Cell Freestanding Rig configuration.

PLEASE READ CAREFULLY NOTES BELOW BEFORE SUBMITTING YOUR ORDER.

NOTE 1 - Equipment must be ordered at least 16 weeks from required Delivery Date.

NOTE 2 - 50% Deposit Payment is payable upfront. The date MasterKraft Pty Ltd receives this deposit will be your Order Confirmation Date.

NOTE 3 - Balance Payment is due the earlier of: (a) 8 weeks from Order Confirmation Date; (b) 8 weeks before your required Delivery Date; (c) any other date as determined by us in writing.

NOTE 4 - Logistics Charges is an """"Allowance"""" only and an additional invoice will be issued to reflect """"Actual"""" Logistics Charges when known (and post completion of a Delivery Information Form). A Logistics  Adjustment Invoice (when issued) is payable in full prior to delivery.

NOTE 5 – Flooring & Lighting are not included in the Studio Kit price. This need to be added to your order separately

NOTE 6 - Prices exclude any Local Taxes/VAT and Duty charges which are payable in your Country. Payment of these charges are required prior to delivery.

Package inclusions:
Your Freestanding Rig (3 Cell) Studio Kit includes:"
"RKST4C02","portal","This Studio Kit has the equipment you need to get your new REVL Training site ready to open - suitable for a 4 Cell Freestanding Rig configuration.

PLEASE READ CAREFULLY NOTES BELOW BEFORE SUBMITTING YOUR ORDER.

NOTE 1 - Equipment must be ordered at least 16 weeks from required Delivery Date.

NOTE 2 - 50% Deposit Payment is payable upfront. The date MasterKraft Pty Ltd receives this deposit will be your Order Confirmation Date.

NOTE 3 - Balance Payment is due the earlier of: (a) 8 weeks from Order Confirmation Date; (b) 8 weeks before your required Delivery Date; (c) any other date as determined by us in writing.

NOTE 4 - Logistics Charges is an """"Allowance"""" only and an additional invoice will be issued to reflect """"Actual"""" Logistics Charges when known (and post completion of a Delivery Information Form). A Logistics  Adjustment Invoice (when issued) is payable in full prior to delivery.

NOTE 5 – Flooring & Lighting are not included in the Studio Kit price. This need to be added to your order separately

NOTE 6 - Prices exclude any Local Taxes/VAT and Duty charges which are payable in your Country. Payment of these charges are required prior to delivery.

Package inclusions:
Your Freestanding Rig (4 Cell) Studio Kit includes:"
"RKST5C01","portal","This Studio Kit has the equipment you need to get your new REVL Training site ready to open - suitable for a 5 Cell Freestanding Rig configuration.

PLEASE READ CAREFULLY NOTES BELOW BEFORE SUBMITTING YOUR ORDER.

NOTE 1 - Equipment must be ordered at least 16 weeks from required Delivery Date.

NOTE 2 - 50% Deposit Payment is payable upfront. The date MasterKraft Pty Ltd receives this deposit will be your Order Confirmation Date.

NOTE 3 - Balance Payment is due the earlier of: (a) 8 weeks from Order Confirmation Date; (b) 8 weeks before your required Delivery Date; (c) any other date as determined by us in writing.

NOTE 4 - Logistics Charges is an """"Allowance"""" only and an additional invoice will be issued to reflect """"Actual"""" Logistics Charges when known (and post completion of a Delivery Information Form). A Logistics  Adjustment Invoice (when issued) is payable in full prior to delivery.

NOTE 5 – Flooring & Lighting are not included in the Studio Kit price. This need to be added to your order separately

NOTE 6 - Prices exclude any Local Taxes/VAT and Duty charges which are payable in your Country. Payment of these charges are required prior to delivery.

Package inclusions:
Your Freestanding Rig (5 Cell) Studio Kit includes:"
"RKST6C01","portal","This Studio Kit has the equipment you need to get your new REVL Training site ready to open - suitable for a 6 Cell Freestanding Rig configuration.

PLEASE READ CAREFULLY NOTES BELOW BEFORE SUBMITTING YOUR ORDER.

NOTE 1 - Equipment must be ordered at least 16 weeks from required Delivery Date.

NOTE 2 - 50% Deposit Payment is payable upfront. The date MasterKraft Pty Ltd receives this deposit will be your Order Confirmation Date.

NOTE 3 - Balance Payment is due the earlier of: (a) 8 weeks from Order Confirmation Date; (b) 8 weeks before your required Delivery Date; (c) any other date as determined by us in writing.

NOTE 4 - Logistics Charges is an """"Allowance"""" only and an additional invoice will be issued to reflect """"Actual"""" Logistics Charges when known (and post completion of a Delivery Information Form). A Logistics  Adjustment Invoice (when issued) is payable in full prior to delivery.

NOTE 5 – Flooring & Lighting are not included in the Studio Kit price. This need to be added to your order separately

NOTE 6 - Prices exclude any Local Taxes/VAT and Duty charges which are payable in your Country. Payment of these charges are required prior to delivery.

Package inclusions:
Your Freestanding Rig (6 Cell) studio kit includes:"
"RKST5CW01","portal","This Studio Kit has the equipment you need to get your new REVL Training site ready to open - suitable for a 5 cell Wall Mounted Rig configuration.

PLEASE READ CAREFULLY NOTES BELOW BEFORE SUBMITTING YOUR ORDER.

NOTE 1 - Equipment must be ordered at least 16 weeks from required Delivery Date.

NOTE 2 - 50% Deposit Payment is payable upfront. The date MasterKraft Pty Ltd receives this deposit will be your Order Confirmation Date.

NOTE 3 - Balance Payment is due the earlier of: (a) 8 weeks from Order Confirmation Date; (b) 8 weeks before your required Delivery Date; (c) any other date as determined by us in writing.

NOTE 4 - Logistics Charges is an """"Allowance"""" only and an additional invoice will be issued to reflect """"Actual"""" Logistics Charges when known (and post completion of a Delivery Information Form). A Logistics  Adjustment Invoice (when issued) is payable in full prior to delivery.

NOTE 5 – Flooring & Lighting are not included in the Studio Kit price. This need to be added to your order separately

NOTE 6 - Prices exclude any Local Taxes/VAT and Duty charges which are payable in your Country. Payment of these charges are required prior to delivery.

Package inclusions:
Your Wall Mounted Rig (5 Cell) studio kit includes:"
"RKST6CW01","portal","This Studio Kit has the equipment you need to get your new REVL Training site ready to open - suitable for a 6 Cell Wall Mounted Rig configuration.

PLEASE READ CAREFULLY NOTES BELOW BEFORE SUBMITTING YOUR ORDER.

NOTE 1 - Equipment must be ordered at least 16 weeks from required Delivery Date.

NOTE 2 - 50% Deposit Payment is payable upfront. The date MasterKraft Pty Ltd receives this deposit will be your Order Confirmation Date.

NOTE 3 - Balance Payment is due the earlier of: (a) 8 weeks from Order Confirmation Date; (b) 8 weeks before your required Delivery Date; (c) any other date as determined by us in writing.

NOTE 4 - Logistics Charges is an """"Allowance"""" only and an additional invoice will be issued to reflect """"Actual"""" Logistics Charges when known (and post completion of a Delivery Information Form). A Logistics  Adjustment Invoice (when issued) is payable in full prior to delivery.

NOTE 5 – Flooring & Lighting are not included in the Studio Kit price. This need to be added to your order separately

NOTE 6 - Prices exclude any Local Taxes/VAT and Duty charges which are payable in your Country. Payment of these charges are required prior to delivery.

Package inclusions:
Your Wall Mounted Rig (6 Cell) studio kit includes:"
"RKST7CW01","portal","This Studio Kit has the equipment you need to get your new REVL Training site ready to open - suitable for a 7 Cell Wall Mounted Rig configuration.

PLEASE READ CAREFULLY NOTES BELOW BEFORE SUBMITTING YOUR ORDER.

NOTE 1 - Equipment must be ordered at least 16 weeks from required Delivery Date.

NOTE 2 - 50% Deposit Payment is payable upfront. The date MasterKraft Pty Ltd receives this deposit will be your Order Confirmation Date.

NOTE 3 - Balance Payment is due the earlier of: (a) 8 weeks from Order Confirmation Date; (b) 8 weeks before your required Delivery Date; (c) any other date as determined by us in writing.

NOTE 4 - Logistics Charges is an """"Allowance"""" only and an additional invoice will be issued to reflect """"Actual"""" Logistics Charges when known (and post completion of a Delivery Information Form). A Logistics  Adjustment Invoice (when issued) is payable in full prior to delivery.

NOTE 5 – Flooring & Lighting are not included in the Studio Kit price. This need to be added to your order separately

NOTE 6 - Prices exclude any Local Taxes/VAT and Duty charges which are payable in your Country. Payment of these charges are required prior to delivery.

Package inclusions:
Your Wall Mounted Rig (7 Cell) studio kit includes:"
"RKST8CW01","portal","This Studio Kit has the equipment you need to get your new REVL Training site ready to open - suitable for a 8 Cell Wall Mounted Rig configuration.

PLEASE READ CAREFULLY NOTES BELOW BEFORE SUBMITTING YOUR ORDER.

NOTE 1 - Equipment must be ordered at least 16 weeks from required Delivery Date.

NOTE 2 - 50% Deposit Payment is payable upfront. The date MasterKraft Pty Ltd receives this deposit will be your Order Confirmation Date.

NOTE 3 - Balance Payment is due the earlier of: (a) 8 weeks from Order Confirmation Date; (b) 8 weeks before your required Delivery Date; (c) any other date as determined by us in writing.

NOTE 4 - Logistics Charges is an """"Allowance"""" only and an additional invoice will be issued to reflect """"Actual"""" Logistics Charges when known (and post completion of a Delivery Information Form). A Logistics  Adjustment Invoice (when issued) is payable in full prior to delivery.

NOTE 5 – Flooring & Lighting are not included in the Studio Kit price. This need to be added to your order separately

NOTE 6 - Prices exclude any Local Taxes/VAT and Duty charges which are payable in your Country. Payment of these charges are required prior to delivery.

Package inclusions:
Your Wall Mounted Rig (8 Cell) studio kit includes:"
"RKST9CW01","portal","This Studio Kit has the equipment you need to get your new REVL Training site ready to open - suitable for a 9 Cell Wall Mounted Rig configuration.

PLEASE READ CAREFULLY NOTES BELOW BEFORE SUBMITTING YOUR ORDER.

NOTE 1 - Equipment must be ordered at least 16 weeks from required Delivery Date.

NOTE 2 - 50% Deposit Payment is payable upfront. The date MasterKraft Pty Ltd receives this deposit will be your Order Confirmation Date.

NOTE 3 - Balance Payment is due the earlier of: (a) 8 weeks from Order Confirmation Date; (b) 8 weeks before your required Delivery Date; (c) any other date as determined by us in writing.

NOTE 4 - Logistics Charges is an """"Allowance"""" only and an additional invoice will be issued to reflect """"Actual"""" Logistics Charges when known (and post completion of a Delivery Information Form). A Logistics  Adjustment Invoice (when issued) is payable in full prior to delivery.

NOTE 5 – Flooring & Lighting are not included in the Studio Kit price. This need to be added to your order separately

NOTE 6 - Prices exclude any Local Taxes/VAT and Duty charges which are payable in your Country. Payment of these charges are required prior to delivery.

Package inclusions:
Your Wall Mounted Rig (9 Cell) studio kit includes:"
"RKST10CW01","portal","This Studio Kit has the equipment you need to get your new REVL Training site ready to open - suitable for a 10 Cell Wall Mounted Rig configuration.

PLEASE READ CAREFULLY NOTES BELOW BEFORE SUBMITTING YOUR ORDER.

NOTE 1 - Equipment must be ordered at least 16 weeks from required Delivery Date.

NOTE 2 - 50% Deposit Payment is payable upfront. The date MasterKraft Pty Ltd receives this deposit will be your Order Confirmation Date.

NOTE 3 - Balance Payment is due the earlier of: (a) 8 weeks from Order Confirmation Date; (b) 8 weeks before your required Delivery Date; (c) any other date as determined by us in writing.

NOTE 4 - Logistics Charges is an """"Allowance"""" only and an additional invoice will be issued to reflect """"Actual"""" Logistics Charges when known (and post completion of a Delivery Information Form). A Logistics  Adjustment Invoice (when issued) is payable in full prior to delivery.

NOTE 5 – Flooring & Lighting are not included in the Studio Kit price. This need to be added to your order separately

NOTE 6 - Prices exclude any Local Taxes/VAT and Duty charges which are payable in your Country. Payment of these charges are required prior to delivery.

Package inclusions:
Your Wall Mounted Rig (10 Cell) studio kit includes:"
"RKST11CW01","portal","This Studio Kit has the equipment you need to get your new REVL Training site ready to open - suitable for an 11 Cell Wall Mounted Rig configuration.

PLEASE READ CAREFULLY NOTES BELOW BEFORE SUBMITTING YOUR ORDER.

NOTE 1 - Equipment must be ordered at least 16 weeks from required Delivery Date.

NOTE 2 - 50% Deposit Payment is payable upfront. The date MasterKraft Pty Ltd receives this deposit will be your Order Confirmation Date.

NOTE 3 - Balance Payment is due the earlier of: (a) 8 weeks from Order Confirmation Date; (b) 8 weeks before your required Delivery Date; (c) any other date as determined by us in writing.

NOTE 4 - Logistics Charges is an """"Allowance"""" only and an additional invoice will be issued to reflect """"Actual"""" Logistics Charges when known (and post completion of a Delivery Information Form). A Logistics  Adjustment Invoice (when issued) is payable in full prior to delivery.

NOTE 5 – Flooring & Lighting are not included in the Studio Kit price. This need to be added to your order separately

NOTE 6 - Prices exclude any Local Taxes/VAT and Duty charges which are payable in your Country. Payment of these charges are required prior to delivery.

Package inclusions:
Your Wall Mounted Rig (11 Cell) studio kit includes:"
"RKST12CW01","portal","This Studio Kit has the equipment you need to get your new REVL Training site ready to open - suitable for a 12 Cell Wall Mounted Rig configuration.

PLEASE READ CAREFULLY NOTES BELOW BEFORE SUBMITTING YOUR ORDER.

NOTE 1 - Equipment must be ordered at least 16 weeks from required Delivery Date.

NOTE 2 - 50% Deposit Payment is payable upfront. The date MasterKraft Pty Ltd receives this deposit will be your Order Confirmation Date.

NOTE 3 - Balance Payment is due the earlier of: (a) 8 weeks from Order Confirmation Date; (b) 8 weeks before your required Delivery Date; (c) any other date as determined by us in writing.

NOTE 4 - Logistics Charges is an """"Allowance"""" only and an additional invoice will be issued to reflect """"Actual"""" Logistics Charges when known (and post completion of a Delivery Information Form). A Logistics  Adjustment Invoice (when issued) is payable in full prior to delivery.

NOTE 5 – Flooring & Lighting are not included in the Studio Kit price. This need to be added to your order separately

NOTE 6 - Prices exclude any Local Taxes/VAT and Duty charges which are payable in your Country. Payment of these charges are required prior to delivery.

Package inclusions:
Your Wall Mounted Rig (12 Cell) studio kit includes:"
"MBPB3I101","public","Introducing our 3-In-1 Foam Plyometric Box (34kg), the ultimate training tool for explosive and dynamic workouts. Perfect for box jumps, the Masterkraft 3-in-1 Foam Plyo Box combines safety and convenience with a simple flip to either side.

Each side displays easy to read height measurements. According to the three heights for each side of the plyometric box, athletes can perform box jumps without fear of scraping their shins and still have the security that this counterbalanced box will stay in place. On the inside is wooden reinforcement as well as a large rubber ball filled with iron sand, similar to a slam or dead ball. This stabilising mechanism creates a lower centre of gravity, resulting in a more stable box to jump on and land safely. The jump box is constructed of closed cell high density, impact-absorbing foam with a hard wearing vinyl casing. Choose from 20"", 24"" or 30"" heights by simply pushing from the top and tipping the box over. Push your limits and achieve new heights in your fitness journey."
"RBPB3I101","portal","Introducing our 3-In-1 Foam Plyometric Box (34kg), the ultimate training tool for explosive and dynamic workouts. Perfect for box jumps, the Masterkraft 3-in-1 Foam Plyo Box combines safety and convenience with a simple flip to either side.

Each side displays easy to read height measurements. According to the three heights for each side of the plyometric box, athletes can perform box jumps without fear of scraping .their shins and still have the security that this counterbalanced box will stay in place. On the inside is wooden reinforcement as well as a large rubber ball filled with iron sand, similar to a slam or dead ball. This stabilising mechanism creates a lower centre of gravity, resulting in a more stable box to jump on and land safely. The jump box is constructed of closed cell high density, impact-absorbing foam with a hard wearing vinyl casing. Choose from 20"", 24"" or 30"" heights by simply pushing from the top and tipping the box over. Push your limits and achieve new heights in your fitness journey.

- Easy 3-in-1 height change flip design
- Soft 'shin saving' edges
- Hard wearing black vinyl casing
- Wooden box covered with 75mm thick HD closed cell foam
- Counterbalanced with weighted rubber balls inside
- Reinforced with internal wooden cross supports"
"SBPB3I101","portal","Introducing our 3-In-1 Foam Plyometric Box (34kg), the ultimate training tool for explosive and dynamic workouts. Perfect for box jumps, the Masterkraft 3-in-1 Foam Plyo Box combines safety and convenience with a simple flip to either side.

Each side displays easy to read height measurements. According to the three heights for each side of the plyometric box, athletes can perform box jumps without fear of scraping their shins and still have the security that this counterbalanced box will stay in place. On the inside is wooden reinforcement as well as a large rubber ball filled with iron sand, similar to a slam or dead ball. This stabilising mechanism creates a lower centre of gravity, resulting in a more stable box to jump on and land safely. The jump box is constructed of closed cell high density, impact-absorbing foam with a hard wearing vinyl casing. Choose from 20"", 24"" or 30"" heights by simply pushing from the top and tipping the box over. Push your limits and achieve new heights in your fitness journey."
"MBPB3I102","public","Our 3-In-1 Wooden Plyometric Box is the ultimate training tool for explosive power and athleticism.

Crafted from sturdy wood, this versatile box features three different height options (20"", 24"", and 30"") to accommodate various fitness levels and exercises. The solid construction ensures stability and durability, while the smooth edges and non-slip surface provide safety and comfort. Whether for box jumps, step-ups, or decline push-ups, this plyometric box is perfect for elevating your plyometric training and enhancing your overall performance.

- Easy 3-in-1 height change flip design
- Pre-drilled machine cut for easy assembly
- Internal bracing for firm landings and maximum strength
- Choose from 20, 24 and 30"" heights
- Plywood with bevelled edges"
"SBPB3I102","portal","Our 3-In-1 Wooden Plyometric Box is the ultimate training tool for explosive power and athleticism.

Crafted from sturdy wood, this versatile box features three different height options (20"", 24"", and 30"") to accommodate various fitness levels and exercises. The solid construction ensures stability and durability, while the smooth edges and non-slip surface provide safety and comfort. Whether for box jumps, step-ups, or decline push-ups, this plyometric box is perfect for elevating your plyometric training and enhancing your overall performance.

- Easy 3-in-1 height change flip design
- Pre-drilled machine cut for easy assembly
- Internal bracing for firm landings and maximum strength
- Choose from 20, 24 and 30"" heights
- Plywood with bevelled edges"
"MBCTMA01","public","Discover the ultimate core-enhancing solution with our Abdominal Mat! Crafted from durable molded polyurethane, this exercise equipment offers unbeatable support for your lower back while allowing a greater range of motion during workouts.

Its portable, lightweight, and compact design make it the perfect companion for on-the-go fitness. Enjoy comfortable and stable ab exercises anywhere, anytime. Elevate your core training with this essential tool and sculpt a stronger, healthier you. Don't miss out on this fantastic addition to your fitness routine!

- Durable molded polyurethane
- Provides support for the lower back and greater range of motion
- Portable, lightweight and compact
- Comfortable and stable"
"RBCTMA01","portal","Discover the ultimate core-enhancing solution with our Abdominal Mat! Crafted from durable high density foam, this exercise equipment offers unbeatable support for your lower back while allowing a greater range of motion during workouts.

Its portable, lightweight, and compact design make it the perfect companion for on-the-go fitness. Enjoy comfortable and stable ab exercises anywhere, anytime. Elevate your core training with this essential tool and sculpt a stronger, healthier you. Don't miss out on this fantastic addition to your fitness routine!

- High density foam
- Provides support for the lower back and greater range of motion
- Portable, lightweight and compact
- Comfortable and stable"
"SBCTMA01","portal","Discover the ultimate core-enhancing solution with our Abdominal Mat! Crafted from durable molded polyurethane, this exercise equipment offers unbeatable support for your lower back while allowing a greater range of motion during workouts.

Its portable, lightweight, and compact design make it the perfect companion for on-the-go fitness. Enjoy comfortable and stable ab exercises anywhere, anytime. Elevate your core training with this essential tool and sculpt a stronger, healthier you. Don't miss out on this fantastic addition to your fitness routine!

- Durable molded polyurethane
- Provides support for the lower back and greater range of motion
- Portable, lightweight and compact
- Comfortable and stable"
"MBCTWH01","public","Get ready to strengthen and sculpt your core with our Abdominal Wheel. This compact and versatile fitness tool is designed to target your abs, obliques, and back muscles effectively.

The Ab Wheel offers a genuine abdominal workout activating multiple muscle groups throughout the torso. Ab wheels are a really effective piece of fitness equipment if used correctly. Users should take caution when beginning to use this ab wheel by rolling the wheel only as far away from your body as you can handle without arching your back. As you become stronger in your core muscle chain you will eventually be able to work your way further out and back safely. Eventually as you become even stronger you can work towards starting the roll from your feet instead of your knees. To achieve the quality that Masterkraft demands from every piece of fitness equipment in our range, our Ab Wheel is made from high grade PP and TPR materials. A strong metal bar pushes through the centre of a moulded wheel that is textured for durability and grip. The handles are made from rubber foam for maximum comfort and to reduce the possibility of slipping. The result is a product offering a sturdy construction and ergonomic design, providing stability and comfort during workouts. Roll your way to a stronger core and enhanced overall fitness with this essential exercise product."
"SBCTWH01","portal","Get ready to strengthen and sculpt your core with our Abdominal Wheel. This compact and versatile fitness tool is designed to target your abs, obliques, and back muscles effectively.

The Ab Wheel offers a genuine abdominal workout activating multiple muscle groups throughout the torso. Ab wheels are a really effective piece of fitness equipment if used correctly. Users should take caution when beginning to use this ab wheel by rolling the wheel only as far away from your body as you can handle without arching your back. As you become stronger in your core muscle chain you will eventually be able to work your way further out and back safely. Eventually as you become even stronger you can work towards starting the roll from your feet instead of your knees. To achieve the quality that Masterkraft demands from every piece of fitness equipment in our range, our Ab Wheel is made from high grade PP and TPR materials. A strong metal bar pushes through the centre of a moulded wheel that is textured for durability and grip. The handles are made from rubber foam for maximum comfort and to reduce the possibility of slipping. The result is a product offering a sturdy construction and ergonomic design, providing stability and comfort during workouts. Roll your way to a stronger core and enhanced overall fitness with this essential exercise product."
"MSLBSE03","public","Target and strengthen specific muscle groups in the hips and thighs with our Ab/Back Extension Machine Pro (Selectorize).

The abductor machine primarily targets the muscles responsible for moving your legs away from the midline of your body, which is known as abduction. It works the outer thigh muscles, including the tensor fasciae latae and the gluteus medius and minimus. The adductor machine, on the other hand, targets the muscles responsible for bringing your legs toward the midline of your body, which is known as adduction. It primarily works the inner thigh muscles, including the adductor longus, adductor magnus, and adductor brevis. With its user-friendly selectorized system, adjustable seat, and padded support, it ensures proper form and comfort during leg curl exercises. Elevate your strength training routine with this durable and efficient machine.

- The MasterKraft Pro Strength Line represents the absolute best value full commercial rated strength pieces available on the market today
- Expert biomechanics ensure controlled, natural movement, providing an enjoyable experience for all users
- Articulating seats adjust at an angle to ensure optimum positioning and effectiveness for exercisers of all sizes
- Sleek design and quality materials combine for impressive aesthetics.
- Adjustment dials and knobs have a large diameter and are colour coded for easy use and recognition. Seats can also be adjusted with one-hand operation
- 220lb weights stack with 25mm machined cast weight plates"
"RSWBFW02","portal","Introducing our Adjustable Utility Weight Bench, the ultimate fitness companion for your home or commercial gym.

This versatile bench offers multiple incline positions, allowing you to target different muscle groups with precision. With sturdy construction and comfortable padding, it provides stability and support for a variety of exercises. Elevate your workouts and achieve your fitness goals with this exceptional adjustable weight bench.

- The perfect utility bench for commercial gyms, group and high performance training environments
- Backrest positions- 0, 30, 45, 65 degrees, Seat positions- 0, 5, 22 degrees
- Four back rest and three seat positions
- Transport wheels for ease of movement
- Rated to 400kg"
"SSWBFW02","portal","Introducing our Adjustable Utility Weight Bench, the ultimate fitness companion for your home or commercial gym.

This versatile bench offers multiple incline positions, allowing you to target different muscle groups with precision. With sturdy construction and comfortable padding, it provides stability and support for a variety of exercises. Elevate your workouts and achieve your fitness goals with this exceptional adjustable weight bench.

- The perfect utility bench for commercial gyms, group and high performance training environments
- Backrest positions- 0, 30, 45, 65 degrees, Seat positions- 0, 5, 22 degrees
- Four back rest and three seat positions
- Transport wheels for ease of movement
- Rated to 400kg"
"MSWBFW02","public","Introducing our Adjustable Utility Weight Bench, the ultimate fitness companion for your home or commercial gym.

This versatile bench offers multiple incline positions, allowing you to target different muscle groups with precision. With sturdy construction and comfortable padding, it provides stability and support for a variety of exercises. Elevate your workouts and achieve your fitness goals with this exceptional adjustable weight bench.

- The perfect utility bench for commercial gyms, group and high performance training environments
- Backrest positions- 0, 30, 45, 65 degrees, Seat positions- 0, 5, 22 degrees
- Four back rest and three seat positions
- Transport wheels for ease of movement
- Rated to 400kg"
"MCBIAR01","public","Experience the ultimate cardio workout with the Air Bike Classic, a powerful exercise bike designed to push your limits. Built on a robust 49.5 kg frame made from 30 x 60mm oval steel tubes, this bike is built to last and withstand your most intense training sessions.

The heavy-duty 27"" fan ensures smooth and efficient pedaling while offering a challenging full-body workout.

Stay connected and monitor your progress with optional Bluetooth and Ant+ connectivity, and enhance your heart rate monitoring with compatible 5kHz chest belts.

With an ergonomic, sweat-proof seat featuring 11 height settings, flexible sliding front-to-back adjustments, and tilt functionality, you can enjoy a comfortable and customized ride. The Air Bike Classic accommodates a maximum user weight of 159 kg, making it suitable for users of various fitness levels. Elevate your cardio fitness with this exceptional exercise bike today.

- Heavy 49.5 kg frame using 30 x 60mm oval steel tube
- Heavy duty 27"" fan
- Connectivity: Bluetooth & Ant+ optional
- Compatible with 5kHz chest belts
- Ergonomic sweat proof seat with 11 height settings, flexible sliding front-to-back settings and tilt
- Maximum user weight 159kg"
"MCBIAR03","public","Elevate your fitness experience with the Air Bike Elite, a robust and versatile exercise bike designed for exceptional performance. Built on a heavy 79 kg frame constructed from 32 x 60mm oval steel tubes, this bike is built to withstand intense workouts, making it suitable for users of all fitness levels. The belt-driven 27"" fan ensures a smooth and efficient ride while offering a challenging full-body workout.

Stay connected and track your progress effortlessly with Bluetooth and Ant+ connectivity. The Air Bike Elite features a multi-grip padded handle that guarantees a secure and comfortable grip during your workouts. Plus, the extra padding and micro-adjustments for seat height and position via a lever ensure maximum comfort and customization.

With the Air Bike Elite, you'll enjoy a premium workout experience that can help you achieve your fitness goals while keeping you comfortable and engaged.

- Large HIIT console with Smart Connect technology
- Magnetic resistance levels - 8
- Heavy 79 kg frame using 32 x 60mm oval steel tube
- Belt driven heavy duty 27"" fan
- Connectivity: Bluetooth & Ant+
- Multi Grip Padded Handle Ensures a Firm and Comfortable Grip"
"MCBIAR02","public","Experience the ultimate air bike performance with our Air Bike Pro, including the Smart Connect Console.

This bike features a dual-action design that engages both the upper and lower body simultaneously. With adjustable resistance, comfortable seat, and durable construction, it offers a smooth and challenging ride. Get ready to burn calories and improve your cardiovascular fitness with the Air Bike.

- Magnetic resistance levels - 8
- Heavy 51.92 kg frame using 31 x 60mm oval steel tube
- Heavy duty 27"" fan
- Connectivity: Bluetooth & Ant+ optional
- Compatible with 5kHz chest belts
- Ergonomic sweat proof seat with 11 height settings, flexible sliding front-to-back settings and tilt"
"MCBIAR05","public","Elevate your fitness regimen with the Air Cycle Elite, a top-tier exercise bike designed to deliver exceptional performance and customization. Featuring a robust 57.6 kg frame, this bike is built to endure rigorous workouts, making it suitable for both novice and advanced users. With a dynamic combination of air and magnetic resistance, you can choose from 10 air resistance levels and an extra 8 magnetic resistance settings to tailor your workout intensity precisely.

Stay connected and track your progress effortlessly with Bluetooth and Ant+ apps, and enhance your heart rate monitoring with compatible 5kHz chest belts. The micro-adjustable, ergonomic seat ensures a comfortable fit, while the Smart Connect Console offers extensive adjustability, including 30 height positions, a 270-degree angle range, and 19.2 cm fore/aft adjustment.
 

 Experience the future of home fitness with the Air Cycle Elite, providing unmatched versatility and performance to help you achieve your fitness goals."
"MCBIAR04","public","Unleash your fitness potential with the Air Cycle Pro, featuring a heavy-duty 57.6 kg frame that's built to withstand the toughest workouts. This exercise bike combines the best of air and magnetic resistance, offering 10 levels of air resistance along with an additional 8 levels of magnetic resistance. Whether you're a beginner or an elite athlete, you can customize your workout intensity to match your fitness goals.

Stay connected and track your progress with Bluetooth and Ant+ apps, and enhance your heart rate monitoring with compatible 5kHz chest belts. The micro-adjustable, ergonomic seat ensures a comfortable and tailored fit, while the console boasts incredible adjustability with 30 height positions, a 270-degree angle range, and 19.2 cm fore/aft adjustment.

With the Air Cycle Pro, you have the power to take your cardio workouts to the next level while enjoying a comfortable and customizable riding experience. Elevate your fitness journey with this exceptional exercise bike today.

- Heavy 57.6 kg frame
- Air resistance - 10 levels plus an additional 8 levels of magnetic resistance
- Connectivity: Bluetooth & Ant+ optional
- Compatible with 5kHz chest belts
- Micro adjustable, ergonomic seat
- Console adjustment - height 30 positions, angle 270 degrees, fore/aft 19.2cms"
"MCRWAR03","public","Immerse yourself in an intense full-body workout with our Air Rowing Machine.

Designed for optimal performance, this machine utilizes air resistance to simulate the feel of rowing on water. With adjustable resistance levels, ergonomic seat, and a clear display, it offers a challenging and engaging rowing experience. Take your fitness journey to new heights with this exceptional rowing machine.

- Large HIIT console with Smart Connect technology
- Magnetic resistance levels - 8
- Heavy 51.92 kg frame using 31 x 60mm oval steel tube
- Heavy duty 27"" fan
- Connectivity: Bluetooth & Ant+
- Compatible with 5kHz chest belts"
"MCRWAR01","public","Experience the pinnacle of rowing with the Air Rower Pro, an exercise equipment marvel. Built on a heavy 49.5 kg frame, constructed from 30 x 60mm oval steel tubes, this rower is a sturdy and reliable companion for your fitness journey. The heavy-duty 27"" fan ensures a smooth and challenging workout while maintaining a compact footprint.

Stay connected and track your progress with optional Bluetooth and Ant+ connectivity. For precise heart rate monitoring, the Air Rower Pro is compatible with 5kHz chest belts. The ergonomic sweat-proof seat offers 11 height settings, flexible sliding front-to-back adjustments, and tilt, ensuring a comfortable fit for users of all sizes.
 

 With a maximum user weight of 159 kg, the Air Rower Pro is designed to accommodate various fitness levels and help you reach your fitness goals effectively."
"SRSPSE01","portal","Transform your gym into a powerhouse of fitness with our All-In-One Trainer. This versatile and comprehensive training system offers limitless possibilities for strength, cardio, and functional training.

The MasterKraft All-In-One Trainer has every muscle group covered. Crafted with robust materials and featuring two 100kg weight stacks, this trainer is built to withstand your toughest workouts. The modular design allows you to customize it to your specific needs, whether you're into weightlifting, bodyweight exercises, or functional fitness. With attachments for pull-ups, dips, leg raises, and more, the All-In-One Trainer offers endless exercise variations to challenge your body and achieve your fitness goals. Whether you're a beginner or a seasoned athlete, this trainer adapts to your level, making it a perfect addition to your commercial gym setup. Elevate your fitness journey and experience the full spectrum of training possibilities with this exceptional All-In-One Trainer.

- Attachments: spotters arms, j-hooks, bench seat + leg holder, kettlebell rack, ball rack, dip handle, punching bag arm, lat bar, single handle, row bar, tricep rope, v-bar
- Two 100kg weight stacks
- Weight plate holders
- Heavy gauge 3mm thicknes steel
- Storage shelves for exercise balls, kettlebells, dumbbells
- Four pulley points swivel for multi-directional movements"
"MRSPSE01","public","Transform your gym into a powerhouse of fitness with our All-In-One Trainer. This versatile and comprehensive training system offers limitless possibilities for strength, cardio, and functional training.

The MasterKraft All-In-One Trainer has every muscle group covered. Crafted with robust materials and featuring two 100kg weight stacks, this trainer is built to withstand your toughest workouts. The modular design allows you to customize it to your specific needs, whether you're into weightlifting, bodyweight exercises, or functional fitness. With attachments for pull-ups, dips, leg raises, and more, the All-In-One Trainer offers endless exercise variations to challenge your body and achieve your fitness goals. Whether you're a beginner or a seasoned athlete, this trainer adapts to your level, making it a perfect addition to your commercial gym setup. Elevate your fitness journey and experience the full spectrum of training possibilities with this exceptional All-In-One Trainer.

- Attachments: spotters arms, j-hooks, bench seat + leg holder, kettlebell rack, ball rack, dip handle, punching bag arm, lat bar, single handle, row bar, tricep rope, v-bar
- Two 100kg weight stacks
- Weight plate holders
- Heavy gauge 3mm thicknes steel
- Storage shelves for exercise balls, kettlebells, dumbbells
- Four pulley points swivel for multi-directional movements"
"SWWLATT01","portal","Enhance your lower body workouts with our Ankle Strap Cable Attachment, a versatile addition to your fitness routine. Crafted for durability and comfort, this pair of ankle straps are designed to secure to cable machines, providing you with a wide range of exercise possibilities.

From leg lifts and glute kickbacks to cable curls, you can target and tone your legs and lower body with precision. The adjustable straps ensure a secure fit, while the soft padding keeps you comfortable during intense workouts. Whether you're a beginner or an advanced fitness enthusiast, these ankle straps are an essential tool to elevate your lower body training and achieve your fitness goals.

- Attaches to any MasterKraft cable machine
- Adjustable velcro strap
- D' ring attachment to secure to cables
- Sold in pairs"
"MWWLATT01","public","Enhance your lower body workouts with our Ankle Strap Cable Attachment, a versatile addition to your fitness routine. Crafted for durability and comfort, this pair of ankle straps are designed to secure to cable machines, providing you with a wide range of exercise possibilities.

From leg lifts and glute kickbacks to cable curls, you can target and tone your legs and lower body with precision. The adjustable straps ensure a secure fit, while the soft padding keeps you comfortable during intense workouts. Whether you're a beginner or an advanced fitness enthusiast, these ankle straps are an essential tool to elevate your lower body training and achieve your fitness goals.

- Attaches to any MasterKraft cable machine
- Adjustable velcro strap
- D' ring attachment to secure to cables
- Sold in pairs"
"SMPWPBG05","portal","Intensify your workouts with the Aqua Bag - 35kg. This water-filled training bag is designed to provide a dynamic and challenging exercise experience.

With a weight of up to 35kg, it offers substantial resistance for strength training and conditioning. The durable and waterproof construction ensures long-lasting performance, while the ergonomic handles allow for comfortable and secure grip during various exercises. Fill fully for a solid feel or half fill for more instability, the Aqua Bag - 35kg is a versatile and effective tool to enhance your aquatic workouts."
"MMPWPBG05","public","Intensify your workouts with the Aqua Bag - 35kg. This water-filled training bag is designed to provide a dynamic and challenging exercise experience.

With a weight of up to 35kg, it offers substantial resistance for strength training and conditioning. The durable and waterproof construction ensures long-lasting performance, while the ergonomic handles allow for comfortable and secure grip during various exercises. Fill fully for a solid feel or half fill for more instability, the Aqua Bag - 35kg is a versatile and effective tool to enhance your aquatic workouts."
"SMBXPBG05","portal","Dive into a new dimension of fitness with our Aqua Punching Bag, a heavyweight at 86kg with a 53cm diameter. Harness the power of water with this water-filled training tool that delivers an unparalleled workout experience.

Perfect for all fitness levels, it provides a dynamic and forgiving surface that reduces the risk of injury while maximising strength and endurance gains. The Aqua Punching Bag is easy to install and store, making it a versatile addition to any home gym or commercial fitness space. Unleash your potential with this powerful training partner and experience a challenging yet safe way to enhance your boxing and fitness skills.

- Ideal for every type of boxer and fitness enthusiasts of all skill levels.
- Teardrop shape and water filled inside absorbs the impact of each strike
- Thick, heavy duty vinyl casing and injection molded ends
- UV resistant and waterproof
- Filled weight: 86kgs, Diameter: 53cm"
"MMBXPBG05","public","Dive into a new dimension of fitness with our Aqua Punching Bag, a heavyweight at 86kg with a 53cm diameter. Harness the power of water with this water-filled training tool that delivers an unparalleled workout experience.

Perfect for all fitness levels, it provides a dynamic and forgiving surface that reduces the risk of injury while maximising strength and endurance gains. The Aqua Punching Bag is easy to install and store, making it a versatile addition to any home gym or commercial fitness space. Unleash your potential with this powerful training partner and experience a challenging yet safe way to enhance your boxing and fitness skills.

- Ideal for every type of boxer and fitness enthusiasts of all skill levels.
- Teardrop shape and water filled inside absorbs the impact of each strike
- Thick, heavy duty vinyl casing and injection molded ends
- UV resistant and waterproof
- Filled weight: 86kgs, Diameter: 53cm"
"AMBXPBG03","public","Dive into a new dimension of fitness with our Aqua Punching Bag, a heavyweight at 86kg with a 53cm diameter. Harness the power of water with this water-filled training tool that delivers an unparalleled workout experience.

Perfect for all fitness levels, it provides a dynamic and forgiving surface that reduces the risk of injury while maximising strength and endurance gains. The Aqua Punching Bag is easy to install and store, making it a versatile addition to any home gym or commercial fitness space. Unleash your potential with this powerful training partner and experience a challenging yet safe way to enhance your boxing and fitness skills."
"RFATSY01","portal","Elevate your gym experience with our Artificial Turf Black (2m x 10m). Specifically designed for gym use, this high-quality synthetic turf provides a durable and versatile flooring solution.

Quality Synthetic Grass is the perfect training surface for sleds, sprints, weight training and functional training. Artificial turf is UV treated and stabilised making it both suited for indoor and outdoor use. This is an extremely hard-wearing product. Medium pile polyethylene texturised monofilament surface. Exclusive fibre type encapsulates more of the sand infill producing a surface that is far less sandy in appearance. With its non-slip surface and shock-absorbent properties, it enhances safety during exercises. Easy to install and maintain, this artificial turf is perfect for functional training areas, stretching zones, or indoor sports facilities.

- Ideal for sled push/pulls, sprints, agility and speed work, change of direction, plyometrics and much more
- Hard-wearing characteristics
- Yarn count: 8,800 Dtex, stitch: 280/sqm
- Pile height: 15mm, gauge: 5/32""
- Size: 2m x 10m"
"RFATSY02","portal","Elevate your gym experience with our Artificial Turf Black (2m x 10m). Specifically designed for gym use, this high-quality synthetic turf provides a durable and versatile flooring solution.

Quality Synthetic Grass is the perfect training surface for sleds, sprints, weight training and functional training. Artificial turf is UV treated and stabilised making it both suited for indoor and outdoor use. This is an extremely hard-wearing product. Medium pile polyethylene texturised monofilament surface. Exclusive fibre type encapsulates more of the sand infill producing a surface that is far less sandy in appearance. With its non-slip surface and shock-absorbent properties, it enhances safety during exercises. Easy to install and maintain, this artificial turf is perfect for functional training areas, stretching zones, or indoor sports facilities.

- Ideal for sled push/pulls, sprints, agility and speed work, change of direction, plyometrics and much more
- Hard-wearing characteristics
- Yarn count: 8,800 Dtex, stitch: 280/sqm
- Pile height: 15mm, gauge: 5/32""
- Size: 2m x 10m"
"SFATSY02","portal","Elevate your gym experience with our Artificial Turf (2m x 15m). Specifically designed for gym use, this high-quality synthetic turf provides a durable and versatile flooring solution.

Quality Synthetic Grass is the perfect training surface for sleds, sprints, weight training and functional training. Artificial turf is UV treated and stabilised making it both suited for indoor and outdoor use. This is an extremely hard-wearing product. Medium pile polyethylene texturised monofilament surface. Exclusive fibre type encapsulates more of the sand infill producing a surface that is far less sandy in appearance. With its non-slip surface and shock-absorbent properties, it enhances safety during exercises. Easy to install and maintain, this artificial turf is perfect for functional training areas, stretching zones, or indoor sports facilities.

- Ideal for sled push/pulls, sprints, agility and speed work, change of direction, plyometrics and much more
- Hard-wearing characteristics
- Yarn count: 8,800 Dtex, stitch: 280/sqm
- Pile height: 15mm, gauge: 5/32""
- Size: 2m x 15m"
"MBBSCU01","public","Enhance your balance, stability, and sensory stimulation with our versatile Balance Cushion. One side features large soft spikes, promoting sensory stimulation and improved circulation, while the other side offers smaller dimples for a secure grip.

This cushion is your key to creating a variable and uneven base to intensify your workouts. Use it under your feet to perform squats, lunges, static holds, and more, challenging your core and improving your balance with every move. Additionally, it's perfect for uneasy push-ups, sits, planks, and sit-ups. You can also use it individually or with a training partner to add even more exercise variations to your routine.
 

 The Balance Cushion is a valuable addition to your fitness equipment collection, helping you boost your strength and stability while adding an extra dimension to your workouts."
"SBBSCU01","portal","Enhance your balance, stability, and sensory stimulation with our versatile Balance Cushion. One side features large soft spikes, promoting sensory stimulation and improved circulation, while the other side offers smaller dimples for a secure grip.

This cushion is your key to creating a variable and uneven base to intensify your workouts. Use it under your feet to perform squats, lunges, static holds, and more, challenging your core and improving your balance with every move. Additionally, it's perfect for uneasy push-ups, sits, planks, and sit-ups. You can also use it individually or with a training partner to add even more exercise variations to your routine.
 

 The Balance Cushion is a valuable addition to your fitness equipment collection, helping you boost your strength and stability while adding an extra dimension to your workouts."
"SWWLACC01","portal","Experience unparalleled comfort and support with our Barbell Squat Pad.

Designed with high-density foam, the MasterKraft barbell squat pad cushions your shoulders and neck during intense squat workouts. The adjustable hook and loop fasteners ensure a secure fit, while the durable construction guarantees long-lasting performance. Elevate your squat game with this essential fitness accessory.

- 435mm width
- Moulded high density foam
- Formed to fit snugly"
"RWWLACC01","portal","Experience unparalleled comfort and support with our Barbell Squat Pad.

Designed with high-density foam, the MasterKraft barbell squat pad cushions your shoulders and neck during intense squat workouts. The adjustable hook and loop fasteners ensure a secure fit, while the durable construction guarantees long-lasting performance. Elevate your squat game with this essential fitness accessory.

- 435mm width
- Moulded high density foam
- Formed to fit snugly"
"MWWLACC01","public","Experience unparalleled comfort and support with our Barbell Squat Pad.

Designed with high-density foam, the MasterKraft barbell squat pad cushions your shoulders and neck during intense squat workouts. The adjustable hook and loop fasteners ensure a secure fit, while the durable construction guarantees long-lasting performance. Elevate your squat game with this essential fitness accessory.

- 435mm width
- Moulded high density foam
- Formed to fit snugly"
"REFRBB02","portal","Keep a neat and tidy training space with this simple yet effective Barbell Storage Box. Store up to 12 Olympic Bars vertically in an area less than 0.6m squared by simply dropping the bars in and out.

The Barbell Storage Box from Masterkraft enables Olympic bars to be stored away neatly without taking up much room. The box can be tucked away in the corner or beside your racks and rigs. The very small footprint this barbell box takes up means the choices are yours without much limitation. Neither you nor gym members have any excuse not to keep a tidy gym floor now especially as you don't need to worry about your favouriteÂ bars being damaged. Our Barbell Storage Boxes have hardened plastic sleeves with rubber stops which will protect your power bars and specialty bars alike. The exterior of the box is made from super strong 1-piece 5mm thick belt steel that is finished with a textured powder coating.

- Stores 12 Olympic Bars vertically in less than 0.5m x 0.6m or floor space
- Hard wearing textured black powder coating finish
- Made from 1-piece 5mm thick belt steel
- Hardened plastic sleeves with rubber stops at the bottom of each storage hole for bar protection"
"SEFRBB04","portal","Maximise your gym's organisation with our Barbell Storage Box! This versatile and space-saving storage solution is perfect for keeping your barbells neat and accessible. Crafted for durability, it's designed to withstand heavy use and protect your valuable equipment from wear and tear.

Keep a neat and tidy training space with this simple yet effective Barbell Storage Box. Store up to 9 Olympic Bars vertically in an area less than 0.5m squared by simply dropping the bars in and out. The Barbell Storage Box from Masterkraft enables Olympic bars to be stored away neatly without taking up much room. The box can be tucked away in the corner or beside your racks and rigs. The very small footprint this barbell box takes up means the choices are yours without much limitation. Neither you nor gym members have any excuse not to keep a tidy gym floor now especially as you don't need to worry about your favourite bars being damaged. Our Barbell Storage Boxes have hardened plastic sleeves with rubber stops which will protect your power bars and specialty bars alike. The exterior of the box is made from super strong 1-piece 5mm thick belt steel that is finished with a textured powder coating.

- Stores 9 Olympic Bars vertically in less than 0.5m x 0.5m or floor space
- Hard wearing textured black powder coating finish
- Made from 1-piece 5mm thick belt steel
- Hardened plastic sleeves with rubber stops at the bottom of each storage hole for bar protection"
"MEFRBB04","public","Maximise your gym's organisation with our Barbell Storage Box! This versatile and space-saving storage solution is perfect for keeping your barbells neat and accessible. Crafted for durability, it's designed to withstand heavy use and protect your valuable equipment from wear and tear.

Keep a neat and tidy training space with this simple yet effective Barbell Storage Box. Store up to 9 Olympic Bars vertically in an area less than 0.5m squared by simply dropping the bars in and out. The Barbell Storage Box from Masterkraft enables Olympic bars to be stored away neatly without taking up much room. The box can be tucked away in the corner or beside your racks and rigs. The very small footprint this barbell box takes up means the choices are yours without much limitation. Neither you nor gym members have any excuse not to keep a tidy gym floor now especially as you don't need to worry about your favourite bars being damaged. Our Barbell Storage Boxes have hardened plastic sleeves with rubber stops which will protect your power bars and specialty bars alike. The exterior of the box is made from super strong 1-piece 5mm thick belt steel that is finished with a textured powder coating.

- Stores 9 Olympic Bars vertically in less than 0.5m x 0.5m or floor space
- Hard wearing textured black powder coating finish
- Made from 1-piece 5mm thick belt steel
- Hardened plastic sleeves with rubber stops at the bottom of each storage hole for bar protection"
"SEFRBB05","portal","Maximise your gym's organisation with our Barbell Storage Box! This versatile and space-saving storage solution is perfect for keeping your barbells neat and accessible. Crafted for durability, it's designed to withstand heavy use and protect your valuable equipment from wear and tear.

Keep a neat and tidy training space with this simple yet effective Barbell Storage Box. Store up to 9 Olympic Bars vertically in an area less than 0.5m squared by simply dropping the bars in and out. The Barbell Storage Box from Masterkraft enables Olympic bars to be stored away neatly without taking up much room. The box can be tucked away in the corner or beside your racks and rigs. The very small footprint this barbell box takes up means the choices are yours without much limitation. Neither you nor gym members have any excuse not to keep a tidy gym floor now especially as you don't need to worry about your favourite bars being damaged. Our Barbell Storage Boxes have hardened plastic sleeves with rubber stops which will protect your power bars and specialty bars alike. The exterior of the box is made from super strong 1-piece 5mm thick belt steel that is finished with a textured powder coating."
"MEFRBB05","public","Maximise your gym's organisation with our Barbell Storage Box! This versatile and space-saving storage solution is perfect for keeping your barbells neat and accessible. Crafted for durability, it's designed to withstand heavy use and protect your valuable equipment from wear and tear.

Keep a neat and tidy training space with this simple yet effective Barbell Storage Box. Store up to 9 Olympic Bars vertically in an area less than 0.5m squared by simply dropping the bars in and out. The Barbell Storage Box from Masterkraft enables Olympic bars to be stored away neatly without taking up much room. The box can be tucked away in the corner or beside your racks and rigs. The very small footprint this barbell box takes up means the choices are yours without much limitation. Neither you nor gym members have any excuse not to keep a tidy gym floor now especially as you don't need to worry about your favourite bars being damaged. Our Barbell Storage Boxes have hardened plastic sleeves with rubber stops which will protect your power bars and specialty bars alike. The exterior of the box is made from super strong 1-piece 5mm thick belt steel that is finished with a textured powder coating."
"AEFRBB01","public","Maximise your gym's organisation with our Barbell Storage Box! This versatile and space-saving storage solution is perfect for keeping your barbells neat and accessible. Crafted for durability, it's designed to withstand heavy use and protect your valuable equipment from wear and tear.

Keep a neat and tidy training space with this simple yet effective Barbell Storage Box. Store up to 9 Olympic Bars vertically in an area less than 0.5m squared by simply dropping the bars in and out. The Barbell Storage Box from Masterkraft enables Olympic bars to be stored away neatly without taking up much room. The box can be tucked away in the corner or beside your racks and rigs. The very small footprint this barbell box takes up means the choices are yours without much limitation. Neither you nor gym members have any excuse not to keep a tidy gym floor now especially as you don't need to worry about your favourite bars being damaged. Our Barbell Storage Boxes have hardened plastic sleeves with rubber stops which will protect your power bars and specialty bars alike. The exterior of the box is made from super strong 1-piece 5mm thick belt steel that is finished with a textured powder coating."
"SMBRNC01","portal","Elevate your cardio and strength training with our 12m Battle Rope. Crafted from durable materials, this high-quality rope is designed to withstand rigorous workouts.

Battle Ropes provide a complete strength and conditioning workout like no other. An absolutely intense upper body workout. Extra durable nylon casing prevents shedding and protects from the elements, making them ideal for indoor and outdoor training. Short (56mm), heavy duty steel end caps are practical and user friendly. These are attached and secured further by two bolts through the centre of the power rope eliminating any chance these end caps work loose and maximise rope longevity. The 12m length allows for versatile movements and intense full-body exercises, making it an ideal tool for improving endurance, strength, and overall fitness. Get ready to conquer your workouts with this dynamic training accessory."
"MMBRNC01","public","Elevate your cardio and strength training with our 12m Battle Rope. Crafted from durable materials, this high-quality rope is designed to withstand rigorous workouts.

Battle Ropes provide a complete strength and conditioning workout like no other. An absolutely intense upper body workout. Extra durable nylon casing prevents shedding and protects from the elements, making them ideal for indoor and outdoor training. Short (56mm), heavy duty steel end caps are practical and user friendly. These are attached and secured further by two bolts through the centre of the power rope eliminating any chance these end caps work loose and maximise rope longevity. The 12m length allows for versatile movements and intense full-body exercises, making it an ideal tool for improving endurance, strength, and overall fitness. Get ready to conquer your workouts with this dynamic training accessory."
"SEWMRO02","portal","Transform your fitness space with our Wall-Mounted Battle Rope Anchor solution! Designed for convenience and organisation, this sleek and space-saving accessory is a game-changer for your gym or workout area.

Crafted with durability in mind, this sturdy and space-saving rack securely holds your battle ropes, keeping them organised and ready for use. The wall-mounted design ensures easy access while maximising floor space. Streamline your gym setup and maintain the longevity of your battle ropes with this practical storage solution. Declutter your space, maximise your gains!"
"SEWMRO01","portal","Transform your fitness space with our Wall-Mounted Battle Rope Storage solution! Designed for convenience and organisation, this sleek and space-saving accessory is a game-changer for your gym or workout area.

Crafted with durability in mind, this sturdy and space-saving rack securely holds your battle ropes, keeping them organised and ready for use. The wall-mounted design ensures easy access while maximising floor space. Streamline your gym setup and maintain the longevity of your battle ropes with this practical storage solution. Declutter your space, maximise your gains!"
"MEWMRO01","public","Transform your fitness space with our Wall-Mounted Battle Rope Storage solution! Designed for convenience and organisation, this sleek and space-saving accessory is a game-changer for your gym or workout area.

Crafted with durability in mind, this sturdy and space-saving rack securely holds your battle ropes, keeping them organised and ready for use. The wall-mounted design ensures easy access while maximising floor space. Streamline your gym setup and maintain the longevity of your battle ropes with this practical storage solution. Declutter your space, maximise your gains!"
"MEWMBER01","public","Organise your gym equipment with our Bench & Rower Rack (Wall Mounted).

This versatile rack provides a space-efficient storage solution for your MasterKraft flat and adjustable utility weight benches and rowing machines, keeping them securely in place and ready for use. The wall-mounted design saves floor space, ensuring a clutter-free workout area. Simplify your gym setup with this sturdy and practical stoarge rack.

- Designed to hold a MasterKraft Flat Utility Weight Bench Pro, MasterKraft Adjustable Utility Weight Bench Pro, or MasterKraft Air Rower Pro/Elite only
- Simple space saving design
- Wall mounted
- Powder coat finish"
"REWMBER01","portal","Organise your gym equipment with our Bench & Rower Rack (Wall Mounted).

This versatile rack provides a space-efficient storage solution for your MasterKraft flat and adjustable utility weight benches and rowing machines, keeping them securely in place and ready for use. The wall-mounted design saves floor space, ensuring a clutter-free workout area. Simplify your gym setup with this sturdy and practical stoarge rack.

- Designed to hold a MasterKraft Flat Utility Weight Bench Pro, MasterKraft Adjustable Utility Weight Bench Pro, or MasterKraft Air Rower Pro/Elite only
- Simple space saving design
- Wall mounted
- Powder coat finish"
"SEWMBER01","portal","Organise your gym equipment with our Bench & Rower Rack (Wall Mounted).

This versatile rack provides a space-efficient storage solution for your MasterKraft flat and adjustable utility weight benches and rowing machines, keeping them securely in place and ready for use. The wall-mounted design saves floor space, ensuring a clutter-free workout area. Simplify your gym setup with this sturdy and practical stoarge rack.

- Designed to hold a MasterKraft Flat Utility Weight Bench Pro, MasterKraft Adjustable Utility Weight Bench Pro, or MasterKraft Air Rower Pro/Elite only
- Simple space saving design
- Wall mounted
- Powder coat finish"
"RSCMATT01","portal","Push, curl, and pull your way to a chiseled physique. This cable attachment comes with everything you need for a great workout, allowing for smooth, adjustable, and versatile movement patterns during strength training.

A versatile training tool, the Cable Pulley System has an uncomplicated design for fast set up, straightforward mechanics, and easy-to-adjust capacities to suit your specific fitness needs. 

This system comes with a high-strength alloy, plastic-coated cable; a pulley; mounting strap; 4 carabiner clips; a loading pin for 1"" & 2"" weight plates, and tricep rope. 

The entire system is compact and can be set up wherever the strap can be installed: beams, pull up bars, you name it.

- Versatile pulley system
- Simple set up
- Strong and durable"
"SWWLCH02","portal","Introducing our Chalk Bowl, the perfect chalk storage solution for weightlifters and gymnasts.

This sturdy and compact bowl is designed to hold and dispense chalk conveniently during workouts. With its wide opening and secure lid, it prevents spills and keeps your chalk fresh and ready for use. Elevate your grip and performance with this essential training tool.

- Enclosed bowl to avoid mess
- Stable t-bar foot
- Suits Masterkraft Gym Chalk boxes of 8"
"RWWLCH01","portal","Introducing our Chalk Bowl, the perfect chalk storage solution for weightlifters and gymnasts.

This sturdy and compact bowl is designed to hold and dispense chalk conveniently during workouts. With its wide opening and secure lid, it prevents spills and keeps your chalk fresh and ready for use. Elevate your grip and performance with this essential training tool.

- Enclosed bowl to avoid mess
- Stable t-bar foot
- Suits Masterkraft Gym Chalk boxes of 8"
"MWWLCH02","public","Introducing our Chalk Bowl, the perfect chalk storage solution for weightlifters and gymnasts.

This sturdy and compact bowl is designed to hold and dispense chalk conveniently during workouts. With its wide opening and secure lid, it prevents spills and keeps your chalk fresh and ready for use. Elevate your grip and performance with this essential training tool.

- Enclosed bowl to avoid mess
- Stable t-bar foot
- Suits Masterkraft Gym Chalk boxes of 8"
"AWWPCP01","public","Take your strength training to the next level with the Change Plates - 2.5kg. These precision-engineered plates are designed for incremental weight adjustments, allowing you to make small but significant progressions in your lifts.

Made from high-quality materials, they provide a secure and stable fit on Olympic-sized bars without damaging them. The compact size makes them easy to handle and store, while the vibrant color coding adds a touch of style to your weightlifting setup. Elevate your training regimen with these versatile and durable change plates.

- High quality polyurethane material
- Thickness: 19mm, Diameter: 205mm
- Collar opening 50.4mm
- Hardness: 90 Shore A"
"AWWPCP02","public","Take your strength training to the next level with the Change Plates - 2.5kg. These precision-engineered plates are designed for incremental weight adjustments, allowing you to make small but significant progressions in your lifts.

Made from high-quality materials, they provide a secure and stable fit on Olympic-sized bars without damaging them. The compact size makes them easy to handle and store, while the vibrant color coding adds a touch of style to your weightlifting setup. Elevate your training regimen with these versatile and durable change plates.

- High quality polyurethane material
- Thickness: 19mm, Diameter: 205mm
- Collar opening 50.4mm
- Hardness: 90 Shore A"
"MMPACE101","public","Enhance your strength training routine with the Chrome 110 Dumbbell Set. This set includes a range of dumbbells from 1kg to 10kg pairs, providing you with a versatile selection for various exercises and fitness levels.

The chrome-plated finish adds durability and a sleek look to the dumbbells, while the ergonomic handles ensure a comfortable grip during workouts. Whether you're a beginner or an experienced lifter, this dumbbell set is perfect for building strength, toning muscles, and achieving your fitness goals. Elevate your training sessions with the Chrome 110 Dumbbell Set."
"MMPACE102","public","Experience versatile strength training with our Chrome 110 Dumbbell Set. This set includes a range of dumbbells from 1kg to 10kg, allowing for progressive workouts.

The included Vertical Dumbbell Rack provides a space-saving storage solution, keeping your dumbbells organized and easily accessible. Elevate your fitness routine with this sleek and durable dumbbell set.

- 10 pairs of quality hardened chrome dumbbells
- Embossed weight identification in kg
- Dumbbell range from 1kg to 10kg in 1kg increments
- Total weight of 10 pair of dumbbells is 110kg
- Commercial grade storage rack included"
"MMPA25001","public","Take your strength and conditioning to new heights with our Complete Competition Kettlebell Set.

Superbly crafted and designed to exact and unique specifications. The result- kettlebells that are the most user friendly available. Identical in size/proportion allowing the user to maintain the same form throughout their exercise program. With the exception of the 6kg (aluminium) all kettlebells are made from steel, not iron, making them virtually indestructible. The ergonomic, smooth square handle design maximises comfort and reduces hand soreness. Colour coded weights available from 6-40kgs. With its solid construction and 8kg weight, it offers an optimal resistance level for a variety of exercises, such as swings, cleans, and snatches. The smooth and ergonomic handle ensures a comfortable and secure grip during your workouts. Elevate your strength, power, and endurance with the Competition Kettlebell - 10kg, a reliable companion for effective and challenging kettlebell workouts.

- Made from high quality steel
- All weights remain the same physical size
- Hard wearing powder coated matte/semi gloss finish
- Large flat base for extra balance
- Colour coded band and weight increments for easy identification
- Commercial grade storage rack included"
"MMPA3601","public","Take your kettlebell workouts to the next level with the Competition Kettlebell Set. This set includes three kettlebells, weighing 1/8kg, 1/12kg, and 1/16kg respectively.

Superbly crafted and designed to exact and unique specifications. The result- kettlebells that are the most user friendly available. Identical in size/proportion allowing the user to maintain the same form throughout their exercise program. With the exception of the 6kg (aluminium) all kettlebells are made from steel, not iron, making them virtually indestructible. The ergonomic, smooth square handle design maximises comfort and reduces hand soreness. Colour coded weights available from 6-40kgs. With its solid construction and 8kg weight, it offers an optimal resistance level for a variety of exercises, such as swings, cleans, and snatches. The smooth and ergonomic handle ensures a comfortable and secure grip during your workouts. Elevate your strength, power, and endurance with the Competition Kettlebell - 10kg, a reliable companion for effective and challenging kettlebell workouts.

- Made from high quality steel
- All weights remain the same physical size
- Hard wearing powder coated matte/semi gloss finish
- Large flat base for extra balance
- Colour coded band and weight increments for easy identification"
"MMPA7201","public","Experience the power and precision of the Competition Kettlebell Set. This set includes kettlebells in 1/16kg, 1/24kg, and 1/32kg weights, providing a range of options to suit your fitness level and goals.

Superbly crafted and designed to exact and unique specifications. The result- kettlebells that are the most user friendly available. Identical in size/proportion allowing the user to maintain the same form throughout their exercise program. With the exception of the 6kg (aluminium) all kettlebells are made from steel, not iron, making them virtually indestructible. The ergonomic, smooth square handle design maximises comfort and reduces hand soreness. Colour coded weights available from 6-40kgs. With its solid construction and 8kg weight, it offers an optimal resistance level for a variety of exercises, such as swings, cleans, and snatches. The smooth and ergonomic handle ensures a comfortable and secure grip during your workouts. Elevate your strength, power, and endurance with the Competition Kettlebell - 10kg, a reliable companion for effective and challenging kettlebell workouts.

- Made from high quality steel
- All weights remain the same physical size
- Hard wearing powder coated matte/semi gloss finish
- Large flat base for extra balance
- Colour coded band and weight increments for easy identification"
"MMPA8001","public","Get ready to take your kettlebell workouts to a new level with the Competition Kettlebell Set. This set includes a range of kettlebells in various weights, from 1/4kg to 1/24kg, allowing you to progress and challenge yourself as you build strength and improve your technique.

Superbly crafted and designed to exact and unique specifications. The result- kettlebells that are the most user friendly available. Identical in size/proportion allowing the user to maintain the same form throughout their exercise program. With the exception of the 6kg (aluminium) all kettlebells are made from steel, not iron, making them virtually indestructible. The ergonomic, smooth square handle design maximises comfort and reduces hand soreness. Colour coded weights available from 6-40kgs. With its solid construction and 8kg weight, it offers an optimal resistance level for a variety of exercises, such as swings, cleans, and snatches. The smooth and ergonomic handle ensures a comfortable and secure grip during your workouts. Elevate your strength, power, and endurance with the Competition Kettlebell - 10kg, a reliable companion for effective and challenging kettlebell workouts.

- Made from high quality steel
- All weights remain the same physical size
- Hard wearing powder coated matte/semi gloss finish
- Large flat base for extra balance
- Colour coded band and weight increments for easy identification"
"SBCTFS02","portal","The MasterKraft Core Trainer (Landmine) can become one of the most dynamic tools in your arsenal. Compatible with most Olympic barbells and ideally suited for rotational training exercises.

Combine with an Olympic barbell, load some Olympic weight plates and the MasterKraft Core Trainer (Landmine) will help build core rotational stability and power through a greater range of motion. This versatile accessory enables a broad range of angled barbell training exercises including squats, sumo squats, shoulder presses, lunges, rows, cleans, deadlifts, and Russian twists. Develop explosive full body strength and mid-section strength with this underrated training tool.

- Train all planes of movement
- Portable enough to use at home or the gym
- Heavy base plate for stability and less movement
- Multi-directional swivel allows for smooth-flowing rotational exercises and presses
- High gauge steel"
"MBCTFS02","public","The MasterKraft Core Trainer (Landmine) can become one of the most dynamic tools in your arsenal. Compatible with most Olympic barbells and ideally suited for rotational training exercises.

Combine with an Olympic barbell, load some Olympic weight plates and the MasterKraft Core Trainer (Landmine) will help build core rotational stability and power through a greater range of motion. This versatile accessory enables a broad range of angled barbell training exercises including squats, sumo squats, shoulder presses, lunges, rows, cleans, deadlifts, and Russian twists. Develop explosive full body strength and mid-section strength with this underrated training tool.

- Train all planes of movement
- Portable enough to use at home or the gym
- Heavy base plate for stability and less movement
- Multi-directional swivel allows for smooth-flowing rotational exercises and presses
- High gauge steel"
"ABCTFS02","public","The MasterKraft Core Trainer (Landmine) can become one of the most dynamic tools in your arsenal. Compatible with most Olympic barbells and ideally suited for rotational training exercises.

Combine with an Olympic barbell, load some Olympic weight plates and the MasterKraft Core Trainer (Landmine) will help build core rotational stability and power through a greater range of motion. This versatile accessory enables a broad range of angled barbell training exercises including squats, sumo squats, shoulder presses, lunges, rows, cleans, deadlifts, and Russian twists. Develop explosive full body strength and mid-section strength with this underrated training tool."
"MCTMSP02","public","Experience the next evolution in cardio training with the Curved Treadmill Elite. This innovative treadmill offers eight levels of resistance, enabling you to intensify your workouts and challenge your fitness limits.

With multi-grip handlebars, you can engage in additional training exercises, enhancing your overall fitness routine. The user-friendly display keeps you informed of essential performance metrics, while customisable workouts allow you to tailor your sessions to your specific goals.

Take advantage of the shock-absorbing 10mm thick vulcanized rubber surface for a comfortable and supportive run. The Curved Treadmill Elite's drive system boasts 114 bearings and 12 roller guides, ensuring durability and longevity.

Burn up to 30% more calories and elevate your cardio game with the Curved Treadmill Elite, a high-performance addition to your home gym that will help you reach new fitness heights.

- Large HIIT console with Smart Connect technology
- Resistance levels 1-8
- Multi-grip handlebars for additional training exercises
- User friendly display tracks and displays various performance metrics
- Increase efficiency and burn up to 30% more calories
- Shock absorbing 10mm thick vulcanized rubber surface"
"MCTMSP01","public","Step onto the Curved Treadmill Pro, your ticket to a dynamic and efficient cardio workout. This treadmill offers a user-friendly display that tracks and showcases various performance metrics, helping you monitor your progress with ease.

Customize your workouts to meet your fitness goals and increase efficiency by burning up to 30% more calories compared to traditional treadmills.

The shock-absorbing 10mm thick vulcanized rubber surface ensures a comfortable and supportive running experience, while the tension adjuster allows you to tailor your workout intensity.

With four pillow block bearings and a robust drive system featuring 114 bearings and 12 roller guides, this treadmill is built to withstand your most intense runs and workouts. Elevate your cardio routine and achieve your fitness goals with the Curved Treadmill Pro, a versatile and high-performance addition to your home gym.

- Large HIIT console with Smart Connect technology
- User friendly display tracks and displays various performance metrics
- Increase efficiency and burn up to 30% more calories
- Shock absorbing 10mm thick vulcanized rubber surface
- Tension adjuster
- Pillow block bearings x 4"
"MMPA5BL01","public","Introducing our Dead Ball Pack, a complete set of versatile and durable weighted balls for your functional training needs.

The dead ball is as the name suggests a dead weight. Therefore it differs from the more traditional medicine balls which bounce. Great for performing power movements and designed to withstand being slammed to the ground. The balls are filled with iron sand which provides an unstable weight which is great for balance and proprioceptive training. With a heavy duty outer rubber casing the dead ball is made to be dropped, thrown, slammed and take a beating!

- Made from durable black PVC rubber casing with a minimum thickness of 3mm
- Sand filled (no metal used)
- High grade valves reduce the potential for splitting and allow air to be added
- Available in various sizes for all user levels"
"MMGFACC01","public","Upgrade your workout regimen with our Digital Interval Timer, the ultimate tool for precision training. This versatile timer ensures you stay on track with your exercise routines, allowing you to set custom intervals for work and rest periods.

Its easy to read 85cm wide digital display and user-friendly controls make it perfect for various fitness activities, including HIIT, Tabata, CrossFit, and more.  Elevate your workouts, boost your efficiency, and achieve your fitness goals with the Digital Interval Timer. It's time to make every second count!

- Clock mode, count-up, count-down, and stopwatch functions, 7 programmable intervals
- Bright 6 digit LED display
- Aluminium casing, wall mounted, remote control included
- Perfect for boutique training studios, commercial gyms
- Powerpoint connection required (240W)
- Length: 85cm, Height: 16cm, Depth: 5cm"
"RMGFACC01","portal","Upgrade your workout regimen with our Digital Interval Timer, the ultimate tool for precision training. This versatile timer ensures you stay on track with your exercise routines, allowing you to set custom intervals for work and rest periods.

Its easy to read 85cm wide digital display and user-friendly controls make it perfect for various fitness activities, including HIIT, Tabata, CrossFit, and more.  Elevate your workouts, boost your efficiency, and achieve your fitness goals with the Digital Interval Timer. It's time to make every second count!

- Clock mode, count-up, count-down, and stopwatch functions, 7 programmable intervals
- Bright 6 digit LED display
- Aluminium casing, wall mounted, remote control included
- Perfect for boutique training studios, commercial gyms
- Powerpoint connection required (240W)
- Length: 85cm, Height: 16cm, Depth: 5cm"
"SMGFACC01","portal","Upgrade your workout regimen with our Digital Interval Timer, the ultimate tool for precision training. This versatile timer ensures you stay on track with your exercise routines, allowing you to set custom intervals for work and rest periods.

Its easy to read 85cm wide digital display and user-friendly controls make it perfect for various fitness activities, including HIIT, Tabata, CrossFit, and more.  Elevate your workouts, boost your efficiency, and achieve your fitness goals with the Digital Interval Timer. It's time to make every second count!

- Clock mode, count-up, count-down, and stopwatch functions, 7 programmable intervals
- Bright 6 digit LED display
- Aluminium casing, wall mounted, remote control included
- Perfect for boutique training studios, commercial gyms
- Powerpoint connection required (240W)
- Length: 85cm, Height: 16cm, Depth: 5cm"
"RWWAACC02","portal","Maximise your upper body workouts with our Dip & Pull Up Belt, a versatile accessory designed for strength and muscle development. Crafted for durability and support, this belt features a secure buckle and adjustable chain that comfortably holds weights, allowing you to increase resistance during dips and pull-ups.

Whether you're targeting your chest, triceps, or back muscles, this belt is perfect for enhancing your workouts. Ideal for both beginners and advanced athletes, the Dip & Pull Up Belt is a game-changer in your fitness journey. Elevate your strength, challenge your limits, and achieve new heights with this essential exercise accessory.

- Quick release carabiners
- One-piece design so the belt conforms to your waist for maximum comfort
- Heavy duty Welded D Shackles
- Heavy duty chain for large loading weights
- Weight capacity: 150kgs
- One size fits all"
"MWWAACC02","public","Maximise your upper body workouts with our Dip & Pull Up Belt, a versatile accessory designed for strength and muscle development. Crafted for durability and support, this belt features a secure buckle and adjustable chain that comfortably holds weights, allowing you to increase resistance during dips and pull-ups.

Whether you're targeting your chest, triceps, or back muscles, this belt is perfect for enhancing your workouts. Ideal for both beginners and advanced athletes, the Dip & Pull Up Belt is a game-changer in your fitness journey. Elevate your strength, challenge your limits, and achieve new heights with this essential exercise accessory.

- Quick release carabiners
- One-piece design so the belt conforms to your waist for maximum comfort
- Heavy duty Welded D Shackles
- Heavy duty chain for large loading weights
- Weight capacity: 150kgs
- One size fits all"
"SWWAACC02","portal","Maximise your upper body workouts with our Dip & Pull Up Belt, a versatile accessory designed for strength and muscle development. Crafted for durability and support, this belt features a secure buckle and adjustable chain that comfortably holds weights, allowing you to increase resistance during dips and pull-ups.

Whether you're targeting your chest, triceps, or back muscles, this belt is perfect for enhancing your workouts. Ideal for both beginners and advanced athletes, the Dip & Pull Up Belt is a game-changer in your fitness journey. Elevate your strength, challenge your limits, and achieve new heights with this essential exercise accessory.

- Quick release carabiners
- One-piece design so the belt conforms to your waist for maximum comfort
- Heavy duty Welded D Shackles
- Heavy duty chain for large loading weights
- Weight capacity: 150kgs
- One size fits all"
"SEWMACC03","portal","Rig dip bar attachments are awkward in shape and size, so are usually on the gym floor in the way, or tucked under a storage rack. Our Wall-Mounted Dip Bar Holder is perfect for finally getting these rig dip bar attachments off the floor and at the same time easily accessible. Crafted with functionality and practicality in mind, this rack is a space-saving gem!

Its robust design and wall-mounted feature frees up valuable floor space. Our Wall-Mounted Dip Bar Holder provides a reliable, efficient, and stylish way to store your dip bar attachments easily.

- Ideal to hold 3 rig dip bars
- Simple space saving design
- Wall mounted
- Powder coat finish"
"MEWMACC03","public","Rig dip bar attachments are awkward in shape and size, so are usually on the gym floor in the way, or tucked under a storage rack. Our Wall-Mounted Dip Bar Holder is perfect for finally getting these rig dip bar attachments off the floor and at the same time easily accessible. Crafted with functionality and practicality in mind, this rack is a space-saving gem!

Its robust design and wall-mounted feature frees up valuable floor space. Our Wall-Mounted Dip Bar Holder provides a reliable, efficient, and stylish way to store your dip bar attachments easily.

- Ideal to hold 3 rig dip bars
- Simple space saving design
- Wall mounted
- Powder coat finish"
"REWMACC01","portal","Rig dip bar attachments are awkward in shape and size, so are usually on the gym floor in the way, or tucked under a storage rack. Our Wall-Mounted Dip Bar Holder is perfect for finally getting these rig dip bar attachments off the floor and at the same time easily accessible. Crafted with functionality and practicality in mind, this rack is a space-saving gem!

Its robust design and wall-mounted feature frees up valuable floor space. Our Wall-Mounted Dip Bar Holder provides a reliable, efficient, and stylish way to store your dip bar attachments easily.

- Ideal to hold 3 rig dip bars
- Simple space saving design
- Wall mounted
- Powder coat finish"
"ABCTDR01","public","Get set to sculpt a stronger and more defined core with our Drop In Core Trainer. A simple yet very effective portable training product to help improve and develop core strength and power.

The core trainer allows for a multitude of exercises, engaging the full range of core muscles through your mid-section as well as back, arm and leg muscles. This innovative training tool works with existing Olympic weight plates or bumper plates to combine a stable base with an adjustable, dynamic platform, challenging your balance and engaging your core muscles. 

The Masterkraft Drop In Core Trainer solves the problem of traditional rotational core trainers by doing away with the heavy base plate reducing the overall weight and size. The vertical post simply 'drops' into the hole in the plate and away you go. This becomes an ideal tool for mobile trainers and those who are simply limited for space.
Get ready to drop in and elevate your core workouts to new heights of effectiveness.

- Supports all Olympic and bumper plates
- Sleeve suits all MasterKraft Olympic bars
- Dimensions: 400mm (L) x 125mm (H)
- Vertical Post Dimensions: 48mm Diameter (5mm thick steel)
- Sleeve Dimensions: 59mm Diameter (4mm thick steel)"
"MBCTDR01","public","Get set to sculpt a stronger and more defined core with our Drop In Core Trainer. A simple yet very effective portable training product to help improve and develop core strength and power.

The core trainer allows for a multitude of exercises, engaging the full range of core muscles through your mid-section as well as back, arm and leg muscles. This innovative training tool works with existing Olympic weight plates or bumper plates to combine a stable base with an adjustable, dynamic platform, challenging your balance and engaging your core muscles. 
 

 The Masterkraft Drop In Core Trainer solves the problem of traditional rotational core trainers by doing away with the heavy base plate reducing the overall weight and size. The vertical post simply 'drops' into the hole in the plate and away you go. This becomes an ideal tool for mobile trainers and those who are simply limited for space.
 Get ready to drop in and elevate your core workouts to new heights of effectiveness."
"SBCTDR01","portal","Get set to sculpt a stronger and more defined core with our Drop In Core Trainer. A simple yet very effective portable training product to help improve and develop core strength and power.

The core trainer allows for a multitude of exercises, engaging the full range of core muscles through your mid-section as well as back, arm and leg muscles. This innovative training tool works with existing Olympic weight plates or bumper plates to combine a stable base with an adjustable, dynamic platform, challenging your balance and engaging your core muscles. 
 

 The Masterkraft Drop In Core Trainer solves the problem of traditional rotational core trainers by doing away with the heavy base plate reducing the overall weight and size. The vertical post simply 'drops' into the hole in the plate and away you go. This becomes an ideal tool for mobile trainers and those who are simply limited for space.
 Get ready to drop in and elevate your core workouts to new heights of effectiveness."
"MWWLMA01","public","Provide a cushioned landing for your weight plates, reduce noise, reduce vibration, and protect your flooring with the MasterKraft Drop Pads.

These durable and high-density lifting mats are designed to absorb the impact of dropped weights, reducing the risk of damage to both the weights and the floor. This is especially important in weightlifting exercises like the clean and jerk or snatch, where heavy barbells are dropped from overhead. Keep your training safe and comfortable with these essential drop pads."
"SWWLMA01","portal","Provide a cushioned landing for your weight plates, reduce noise, reduce vibration, and protect your flooring with the MasterKraft Drop Pads.

These durable and high-density lifting mats are designed to absorb the impact of dropped weights, reducing the risk of damage to both the weights and the floor. This is especially important in weightlifting exercises like the clean and jerk or snatch, where heavy barbells are dropped from overhead. Keep your training safe and comfortable with these essential drop pads."
"ABEMMA01","public","No matter what your routine, the EVA Exercise Mat is a must have accessory for all types of workouts. Whether it's for your warm-up, warm-down or for your bodyweight training you will need an exercise mat that is not only comfortable and durable, but can be stored away neatly.

The Masterkraft Exercise Mat is made from high quality, non-slip 15mm EVA foam that is designed to provide excellent cushion and support from the hard floor underneath. The textured finish on this gym mat gives the right amount of grip for stretches and more dynamic exercises. We have added two extra strong eyelets to the mat which measure 49.5cm apart (center to center) allowing this to be hung and stored away neatly on the Masterkraft Wall Mounted Hanging Rack. The EVA Exercise Mat is ideal for commercial use for all types of applications such as stretching, yoga, push ups, warm ups, sit ups and all other functional training ground based exercises."
"MBEMMA01","public","No matter what your routine, the EVA Exercise Mat is a must have accessory for all types of workouts. Whether it's for your warm-up, warm-down or for your bodyweight training you will need an exercise mat that is not only comfortable and durable, but can be stored away neatly.

The Masterkraft Exercise Mat is made from high quality, non-slip 15mm EVA foam that is designed to provide excellent cushion and support from the hard floor underneath. The textured finish on this gym mat gives the right amount of grip for stretches and more dynamic exercises. We have added two extra strong eyelets to the mat which measure 49.5cm apart (center to center) allowing this to be hung and stored away neatly on the Masterkraft Wall Mounted Hanging Rack. The EVA Exercise Mat is ideal for commercial use for all types of applications such as stretching, yoga, push ups, warm ups, sit ups and all other functional training ground based exercises."
"SBEMMA01","portal","No matter what your routine, the EVA Exercise Mat is a must have accessory for all types of workouts. Whether it's for your warm-up, warm-down or for your bodyweight training you will need an exercise mat that is not only comfortable and durable, but can be stored away neatly.

The Masterkraft Exercise Mat is made from high quality, non-slip 15mm EVA foam that is designed to provide excellent cushion and support from the hard floor underneath. The textured finish on this gym mat gives the right amount of grip for stretches and more dynamic exercises. We have added two extra strong eyelets to the mat which measure 49.5cm apart (center to center) allowing this to be hung and stored away neatly on the Masterkraft Wall Mounted Hanging Rack. The EVA Exercise Mat is ideal for commercial use for all types of applications such as stretching, yoga, push ups, warm ups, sit ups and all other functional training ground based exercises."
"MBCTDI01","public","Improve your flexibility and engage your core through a multitude of omnidirectional movements.

These compact and portable discs glide smoothly on various surfaces, providing a low-impact, high-intensity workout. Strengthen your core, improve balance, and target muscles with ease. Get ready to slide your way to a fitter, stronger you.

- Low-friction, mark proof material slides smoothly on most surfaces
- Non-slip grip surface for hands or feet
- Compact and lightweight"
"SBCTDI01","portal","Improve your flexibility and engage your core through a multitude of omnidirectional movements.

These compact and portable discs glide smoothly on various surfaces, providing a low-impact, high-intensity workout. Strengthen your core, improve balance, and target muscles with ease. Get ready to slide your way to a fitter, stronger you.

- Low-friction, mark proof material slides smoothly on most surfaces
- Non-slip grip surface for hands or feet
- Compact and lightweight"
"SEWMMA01","portal","Keep your exercise space organised and tidy by hanging your workout mats out of the way with our Exercise Mat Hanging Rack (Wall Mounted).

This practical and durable rack provides a convenient storage solution for your exercise mats, keeping them off the floor and within easy reach. The wall-mounted design saves space and adds a stylish touch to your fitness area. Say goodbye to clutter and hello to an organised workout space with this handy mat rack."
"MEWMMA01","public","Keep your exercise space organised and tidy by hanging your workout mats out of the way with our Exercise Mat Hanging Rack (Wall Mounted).

This practical and durable rack provides a convenient storage solution for your exercise mats, keeping them off the floor and within easy reach. The wall-mounted design saves space and adds a stylish touch to your fitness area. Say goodbye to clutter and hello to an organised workout space with this handy mat rack."
"MMFWTL01","public","Introducing the Farmers Walk Handles pair, the perfect addition to your functional training arsenal. These high-quality handles are designed to simulate the challenging Farmers Walk exercise, building grip strength, core stability, and overall conditioning.

With their durable construction and ergonomic design, they provide a comfortable and secure grip, allowing you to push your limits during your workouts. Whether you're training for strongman competitions or simply looking to enhance your functional fitness, the Farmers Walk Handles are a must-have for any serious athlete or fitness enthusiast. Grab a pair and train your grip, core, cardio and total body strength.

- Strengthen grip, core stability and upper/lower body muscles including the forearms, traps, glutes, quads, calves, hamstrings, posterior chain back muscles and rhomboids
- Build stamina, grit and endurance
- Compatible with Olympic weight plates or bumper plates
- 32mm grip diameter
- Top loaded, sold in pairs
- Weight capacity: 250kg each"
"SMFWTL01","portal","Introducing the Farmers Walk Handles pair, the perfect addition to your functional training arsenal. These high-quality handles are designed to simulate the challenging Farmers Walk exercise, building grip strength, core stability, and overall conditioning.

With their durable construction and ergonomic design, they provide a comfortable and secure grip, allowing you to push your limits during your workouts. Whether you're training for strongman competitions or simply looking to enhance your functional fitness, the Farmers Walk Handles are a must-have for any serious athlete or fitness enthusiast. Grab a pair and train your grip, core, cardio and total body strength.

- Strengthen grip, core stability and upper/lower body muscles including the forearms, traps, glutes, quads, calves, hamstrings, posterior chain back muscles and rhomboids
- Build stamina, grit and endurance
- Compatible with Olympic weight plates or bumper plates
- 32mm grip diameter
- Top loaded, sold in pairs
- Weight capacity: 250kg each"
"MBBSTR01","public","Experience the perfect blend of fitness and balance training with our Fitness & Balance Trainer.

The Fitness & Balance Trainer has become one of the most versatile pieces of fitness equipment on offer. This trainer is an extremely effective training tool that will significantly help enhance your strength, balance, flexibility and cardio fitness through a multitude of training exercises utilising both sides of the trainer. The trainer consists of an inflated half ball fitted around a moulded platform. Our commercial grade balance and stability trainer is made from industrial grade textured PVC which is tested to a massive 300kg user rating. The non-slip surface is suitable for exercises such as squats, push-ups, sit-ups, lunges, crunches and many more exercises. These can be performed safely and effectively on either side with a generous 70cm flat base offering a change up to the softer side. This industrial quality alternative to the Bosu brand is made to the highest standards and is easily inflated to the desired height with the pump provided. Take your workouts to new heights of effectiveness and performance."
"SBBSTR01","portal","Experience the perfect blend of fitness and balance training with our Fitness & Balance Trainer.

The Fitness & Balance Trainer has become one of the most versatile pieces of fitness equipment on offer. This trainer is an extremely effective training tool that will significantly help enhance your strength, balance, flexibility and cardio fitness through a multitude of training exercises utilising both sides of the trainer. The trainer consists of an inflated half ball fitted around a moulded platform. Our commercial grade balance and stability trainer is made from industrial grade textured PVC which is tested to a massive 300kg user rating. The non-slip surface is suitable for exercises such as squats, push-ups, sit-ups, lunges, crunches and many more exercises. These can be performed safely and effectively on either side with a generous 70cm flat base offering a change up to the softer side. This industrial quality alternative to the Bosu brand is made to the highest standards and is easily inflated to the desired height with the pump provided. Take your workouts to new heights of effectiveness and performance."
"SEWMBL01","portal","It's no secret that exercise balls take up a lot of room... the MasterKraft Wall Mounted Fitball Storage Rack helps eliminate that problem.

There are a few different types of fitness ball storage systems on the market, most of which are either bulky, unstable and impractical. Our wall mounted storage system lets you store your fit balls up and out of the way allowing you to maximise floor space with the things that matter most. This fitness ball rack is compatible with out MasterKraft Fitness Balls. Wall fixings are supplied as standard with our wall mounted storage systems."
"MEWMBL01","public","It's no secret that exercise balls take up a lot of room... the MasterKraft Wall Mounted Fitball Storage Rack helps eliminate that problem.

There are a few different types of fitness ball storage systems on the market, most of which are either bulky, unstable and impractical. Our wall mounted storage system lets you store your fit balls up and out of the way allowing you to maximise floor space with the things that matter most. This fitness ball rack is compatible with out MasterKraft Fitness Balls. Wall fixings are supplied as standard with our wall mounted storage systems."
"SEFRBB02","portal","Introducing our Fixed Barbell Rack (10 Bar), the perfect storage solution for your fixed barbells.

Designed to securely hold up to 10 barbells, this rack keeps your workout area organised and ensures easy access to your fixed barbells. Its sturdy construction and easy access design make it ideal for commercial fitness facilities. The sleek and professional appearance of the rack adds a touch of elegance to your space. Invest in our Fixed Barbell Rack (10 Bar) and take your equipment storage solutions to the next level.

- Holds 10 fixed barbells
- Made from heavy duty 75 x 75mm tubing
- Powder coat finish
- Nylon saddles
- Non-marking feet"
"MEFRBB02","public","Introducing our Fixed Barbell Rack (10 Bar), the perfect storage solution for your fixed barbells.

Designed to securely hold up to 10 barbells, this rack keeps your workout area organised and ensures easy access to your fixed barbells. Its sturdy construction and easy access design make it ideal for commercial fitness facilities. The sleek and professional appearance of the rack adds a touch of elegance to your space. Invest in our Fixed Barbell Rack (10 Bar) and take your equipment storage solutions to the next level.

- Holds 10 fixed barbells
- Made from heavy duty 75 x 75mm tubing
- Powder coat finish
- Nylon saddles
- Non-marking feet"
"SEFRBB03","portal","Organize your fixed barbells with our Fixed Barbell Rack (10 Bar) 2.0.

This sturdy rack is specifically designed to securely hold and display up to 10 barbells, keeping them easily accessible and neatly organised. The compact and space-saving design makes it ideal for any gym or fitness facility. With its durable construction and easy-to-use design, this Fixed Barbell Rack ensures the longevity and proper storage of your barbells, making it a must-have for any strength training environment.

- Holds 10 fixed barbells
- Made from heavy duty 75 x 75mm tubing
- Powder coat finish
- Nylon saddles
- Non-marking feet"
"MEFRBB03","public","Organize your fixed barbells with our Fixed Barbell Rack (10 Bar) 2.0.

This sturdy rack is specifically designed to securely hold and display up to 10 barbells, keeping them easily accessible and neatly organised. The compact and space-saving design makes it ideal for any gym or fitness facility. With its durable construction and easy-to-use design, this Fixed Barbell Rack ensures the longevity and proper storage of your barbells, making it a must-have for any strength training environment.

- Holds 10 fixed barbells
- Made from heavy duty 75 x 75mm tubing
- Powder coat finish
- Nylon saddles
- Non-marking feet"
"SEFRBB01","portal","Introducing our Fixed Barbell Rack (5 Bar), the ultimate storage solution for your fixed barbells. Designed to securely hold up to 5 fixed barbells, this rack keeps your workout area organised and maximises space efficiency.

With its sturdy construction and compact design, it is perfect for home gyms or commercial fitness facilities with limited space. The sleek and durable design ensures easy access to your weights while adding a professional touch to your gym setup. Upgrade your gym storage with our Fixed Barbell Rack (5 Bar) and experience convenience and functionality like never before."
"MEFRBB01","public","Introducing our Fixed Barbell Rack (5 Bar), the ultimate storage solution for your fixed barbells. Designed to securely hold up to 5 fixed barbells, this rack keeps your workout area organised and maximises space efficiency.

With its sturdy construction and compact design, it is perfect for home gyms or commercial fitness facilities with limited space. The sleek and durable design ensures easy access to your weights while adding a professional touch to your gym setup. Upgrade your gym storage with our Fixed Barbell Rack (5 Bar) and experience convenience and functionality like never before."
"SSWBFW01","portal","Introducing our Flat Utility Weight Bench with Angled Legs, the perfect addition to your home or commercial gym.

Crafted with durability and stability in mind, this bench offers a solid platform for various exercises. The angled legs provide added stability, while the comfortable padding ensures a comfortable workout experience. Enhance your strength training routine with this reliable and versatile weight bench.

- The perfect utility bench for commercial gyms, group and high performance training environments
- Fully welded construction
- Designed for maximum comfort, stability and durability
- Transport wheels for ease of movement
- Rated to 300kg"
"RSWBFW01","portal","Introducing our Flat Utility Weight Bench with Angled Legs, the perfect addition to your home or commercial gym.

Crafted with durability and stability in mind, this bench offers a solid platform for various exercises. The angled legs provide added stability, while the comfortable padding ensures a comfortable workout experience. Enhance your strength training routine with this reliable and versatile weight bench.

- The perfect utility bench for commercial gyms, group and high performance training environments
- Fully welded construction
- Designed for maximum comfort, stability and durability
- Transport wheels for ease of movement
- Rated to 300kg"
"MSWBFW01","public","Introducing our Flat Utility Weight Bench with Angled Legs, the perfect addition to your home or commercial gym.

Crafted with durability and stability in mind, this bench offers a solid platform for various exercises. The angled legs provide added stability, while the comfortable padding ensures a comfortable workout experience. Enhance your strength training routine with this reliable and versatile weight bench.

- The perfect utility bench for commercial gyms, group and high performance training environments
- Fully welded construction
- Designed for maximum comfort, stability and durability
- Transport wheels for ease of movement
- Rated to 300kg"
"MBRMRL03","public","Made of high-density EVA foam, its 33cm length makes it suitable for rolling out larger muscles like the back and provides deep tissue massage and myofascial release, helping to relieve muscle tension and increase circulation.

Foam Rollers have become an essential tool for Pilates, core, ab and back stabilisation and strengthening. They are great for pre-workout, stretching or simply to start the day. The foam roller can roll out some serious benefits including: muscle tension relief, correcting muscle imbalances, increase range of motion, injury prevention. This foam roller is compact, built to last and designed to maintain its shape. Incorporate this essential tool into your fitness routine to enhance your overall performance and recovery.

- 3D surface enhances recovery, targeting muscles more efficiently
- EVA material with hard core for a firm feel and durability
- Different distrodensity zones provide a variety of massage options based on your needs
- Channels blood and oxygen as you roll to increase circulation and aid in muscle repair
- Ideal for warm-up and cool down routines
- User capacity 225kgs"
"RBRMRL02","portal","Made of high-density EVA foam, its 33cm length makes it suitable for rolling out larger muscles like the back and provides deep tissue massage and myofascial release, helping to relieve muscle tension and increase circulation.

Foam Rollers have become an essential tool for Pilates, core, ab and back stabilisation and strengthening. They are great for pre-workout, stretching or simply to start the day. The foam roller can roll out some serious benefits including: muscle tension relief, correcting muscle imbalances, increase range of motion, injury prevention. This foam roller is compact, built to last and designed to maintain its shape. Incorporate this essential tool into your fitness routine to enhance your overall performance and recovery.

- 3D surface enhances recovery, targeting muscles more efficiently
- EVA material with hard core for a firm feel and durability
- Different distrodensity zones provide a variety of massage options based on your needs
- Channels blood and oxygen as you roll to increase circulation and aid in muscle repair
- Ideal for warm-up and cool down routines
- User capacity 225kgs"
"SBRMRL03","portal","Made of high-density EVA foam, its 33cm length makes it suitable for rolling out larger muscles like the back and provides deep tissue massage and myofascial release, helping to relieve muscle tension and increase circulation.

Foam Rollers have become an essential tool for Pilates, core, ab and back stabilisation and strengthening. They are great for pre-workout, stretching or simply to start the day. The foam roller can roll out some serious benefits including: muscle tension relief, correcting muscle imbalances, increase range of motion, injury prevention. This foam roller is compact, built to last and designed to maintain its shape. Incorporate this essential tool into your fitness routine to enhance your overall performance and recovery.

- 3D surface enhances recovery, targeting muscles more efficiently
- EVA material with hard core for a firm feel and durability
- Different distrodensity zones provide a variety of massage options based on your needs
- Channels blood and oxygen as you roll to increase circulation and aid in muscle repair
- Ideal for warm-up and cool down routines
- User capacity 225kgs"
"ABRMRL03","public","Made of high-density foam, its 90cm length makes it suitable for rolling out larger muscles like the back and provides deep tissue massage and myofascial release, helping to relieve muscle tension and increase circulation.

Foam Rollers have become an essential tool for Pilates, core, ab and back stabilisation and strengthening. They are great for pre-workout, stretching or simply to start the day. The foam roller can roll out some serious benefits including: muscle tension relief, correcting muscle imbalances, increase range of motion, injury prevention. This foam roller is compact, built to last and designed to maintain its shape. Incorporate this essential tool into your fitness routine to enhance your overall performance and recovery."
"SEWMRL01","portal","Keep your gym floor organised and tidy with our Wall Mounted Foam Roller Storage Rack.

This practical and durable rack can hold multiple foam rollers of varying sizes, making it easy to access and store your equipment. The wall-mounted design saves space and adds a stylish touch to your gym decor. Simplify your gym setup and elevate your storage solution with this functional foam roller rack.

- Holds up to 10 rollers
- 11 gauge laser cut steel
- Unique dispenser style rack
- Custom width
- Powder coat finish"
"MEWMRL01","public","Keep your gym floor organised and tidy with our Wall Mounted Foam Roller Storage Rack.

This practical and durable rack can hold multiple foam rollers of varying sizes, making it easy to access and store your equipment. The wall-mounted design saves space and adds a stylish touch to your gym decor. Simplify your gym setup and elevate your storage solution with this functional foam roller rack.

- Holds up to 10 rollers
- 11 gauge laser cut steel
- Unique dispenser style rack
- Custom width
- Powder coat finish"
"MSCMDU01","public","Introducing our Functional Trainer, the ultimate all-in-one fitness equipment for total body workouts.

This versatile machine offers multiple cable positions, allowing for a wide range of exercises targeting various muscle groups. With its smooth and adjustable pulley system, it provides customizable resistance and ensures a full range of motion. Elevate your fitness routine with this durable and efficient functional trainer."
"MMGFPS03","public","Elevate your group fitness sessions with the Group Fitness Barbell Set - 17.5kg.

Black rubber 2 grip square weight plates with white painted embossed logo and its specific weight for easy weight identification. Quick release easy lock collars for easy plate changes. Heavy duty 3mm thickness barbell tested to hold 60kgs. Includes 2/1.25, 2/2.5 and 2/5kg plates.

- Bar: 3mm thick steel pipe
- Bar Capacity: Tested to hold 60kg of weight
- Bar Dimensions: 1415mm (L) x 28.5mm diameter
- Plates: 2 each of 1.25kg, 2.5kg and 5kg
- Plate Hole Size: 31.5mm diameter
- Quick Release Collars for easy on/off"
"SMGFPS03","portal","Elevate your group fitness sessions with the Group Fitness Barbell Set - 17.5kg.

Black rubber 2 grip square weight plates with white painted embossed logo and its specific weight for easy weight identification. Quick release easy lock collars for easy plate changes. Heavy duty 3mm thickness barbell tested to hold 60kgs. Includes 2/1.25, 2/2.5 and 2/5kg plates.

- Bar: 3mm thick steel pipe
- Bar Capacity: Tested to hold 60kg of weight
- Bar Dimensions: 1415mm (L) x 28.5mm diameter
- Plates: 2 each of 1.25kg, 2.5kg and 5kg
- Plate Hole Size: 31.5mm diameter
- Quick Release Collars for easy on/off"
"MMGFPS02","public","Elevate your group fitness routines with the Group Fitness Barbell Set - 37.5kg, providing a challenging and dynamic workout experience.

Black rubber 2 grip square weight plates with white painted embossed logo and its specific weight for easy weight identification. Quick release easy lock collars for easy plate changes. Heavy duty 3mm thickness barbell tested to hold 60kgs. Includes 2/1.25, 2/2.5, 2/5 and 2/10kg plates."
"SMGFPS02","portal","Elevate your group fitness routines with the Group Fitness Barbell Set - 37.5kg, providing a challenging and dynamic workout experience.

Black rubber 2 grip square weight plates with white painted embossed logo and its specific weight for easy weight identification. Quick release easy lock collars for easy plate changes. Heavy duty 3mm thickness barbell tested to hold 60kgs. Includes 2/1.25, 2/2.5, 2/5 and 2/10kg plates."
"MMGFPS01","public","Enhance your group fitness sessions with the Group Fitness Barbell Set - Collars pair. These reliable barbell collars are designed to securely hold weight plates in place, ensuring a safe and stable workout experience.

The 25mm Easy-Lock Collar specifically designed for use on the group fitness barbell set barbell. The single-action cam lock securely clamps the collar once positioned on the barbell. Easy release with one hand and fast locking action when changing weight plates makes light work of changing plates during workout classes. Made from durable solid nylon resin."
"SMGFPS01","portal","Enhance your group fitness sessions with the Group Fitness Barbell Set - Collars pair. These reliable barbell collars are designed to securely hold weight plates in place, ensuring a safe and stable workout experience.

The 25mm Easy-Lock Collar specifically designed for use on the group fitness barbell set barbell. The single-action cam lock securely clamps the collar once positioned on the barbell. Easy release with one hand and fast locking action when changing weight plates makes light work of changing plates during workout classes. Made from durable solid nylon resin."
"SEFRPS01","portal","Efficiently store and organise your group fitness barbell sets with our Group Fitness Barbell Set Rack.

This specially designed rack is built to hold and display 10 complete group fitness barbell sets (aka- pump kits), ensuring easy access and a clutter-free workout space. The sturdy construction provides stability and durability, while the compact design saves valuable floor space. With its convenient storage capacity and user-friendly layout, this rack is perfect for group fitness classes, commercial gyms, or home setups. Elevate your gym organisation with our Group Fitness Barbell Set Rack."
"MEFRPS01","public","Efficiently store and organise your group fitness barbell sets with our Group Fitness Barbell Set Rack.

This specially designed rack is built to hold and display 10 complete group fitness barbell sets (aka- pump kits), ensuring easy access and a clutter-free workout space. The sturdy construction provides stability and durability, while the compact design saves valuable floor space. With its convenient storage capacity and user-friendly layout, this rack is perfect for group fitness classes, commercial gyms, or home setups. Elevate your gym organisation with our Group Fitness Barbell Set Rack."
"MMPAPS01","public","Elevate your group fitness sessions with 10 of the Group Fitness Barbell Set - 17.5kg. Storage rack included to facilitate all weight plates, bars and collars. Size: 530 x 790 x 1420mm. Material: Steel.

Black rubber 2 grip square weight plates with white painted embossed logo and its specific weight for easy weight identification. Quick release easy lock collars for easy plate changes. Heavy duty 3mm thickness barbell tested to hold 60kgs. Each group fitness barbell set includes 2/1.25, 2/2.5 and 2/5kg plates, bar and collars.

- Bar: 3mm thick steel pipe (10)
- Bar Capacity: Tested to hold 60kg of weight
- Bar Dimensions: 1415mm (L) x 28.5mm diameter
- Plates: 2 each of 1.25kg, 2.5kg and 5kg (10 sets)
- Plate Hole Size: 31.5mm diameter
- Quick Release Collars for easy on/off (10 pairs)"
"MMPAPS02","public","Elevate your group fitness sessions with 10 of the Group Fitness Barbell Set - 37.5kg. Storage rack included to facilitate all weight plates, bars and collars. Size: 530 x 790 x 1420mm. Material: Steel.

An extra 2/10kg weight plates have been added to a standard 'pump kit' set to elevate group fitness workouts. Black rubber 2 grip square weight plates with white painted embossed logo and its specific weight for easy weight identification. Quick release easy lock collars for easy plate changes. Heavy duty 3mm thickness barbell tested to hold 60kgs. Each group fitness barbell set includes 2/1.25, 2/2.5, 2/5 and 2/10kg plates, bar and collars.

- Bar: 3mm thick steel pipe (10)
- Bar Capacity: Tested to hold 60kg of weight
- Bar Dimensions: 1415mm (L) x 28.5mm diameter
- Plates: 2 each of 1.25kg, 2.5kg and 5kg (10 sets)
- Plate Hole Size: 31.5mm diameter
- Quick Release Collars for easy on/off (10 pairs)"
"MBASADJ01","public","Get ready to step up your fitness with our Adjustable Group Fitness Step that also serves as a bench.

This versatile and sturdy step offers adjustable height settings (20 or 35cm), catering to individuals of all fitness levels. Offering the benefits of multiple pieces of equipment, this step and bench rolled into one is a great addition to any home gym or training studio. With its non-slip surface and durable construction, you can confidently step, jump, lunge, and dumbbell press your way to a stronger, fitter you."
"SBASADJ01","portal","Get ready to step up your fitness with our Adjustable Group Fitness Step that also serves as a bench.

This versatile and sturdy step offers adjustable height settings (20 or 35cm), catering to individuals of all fitness levels. Offering the benefits of multiple pieces of equipment, this step and bench rolled into one is a great addition to any home gym or training studio. With its non-slip surface and durable construction, you can confidently step, jump, lunge, and dumbbell press your way to a stronger, fitter you."
"RBGYRI01","portal","Unleash your strength and improve your bodyweight training with our Wooden Gymnastic Rings. Crafted from premium-quality wood, these rings offer exceptional grip and durability.

Easily adjustable straps allow for customizable height and exercises. From pull-ups to dips and advanced gymnastic movements, these rings provide a versatile and challenging workout experience. Enhance your upper body strength, stability, and coordination with these high-quality gymnastic rings. Perfect for home or gym use.

- Strap length: 5.5m (looped 2.75m drop length)
- Strap width: 38mm
- Indexed length markings for easy adjustment
- Metal clamp with easy length adjustment
- Regulation 28mm handle diameter
- Embroidered numbers 1-15"
"MBGYRI01","public","Unleash your strength and improve your bodyweight training with our Wooden Gymnastic Rings. Crafted from premium-quality wood, these rings offer exceptional grip and durability.

Easily adjustable straps allow for customizable height and exercises. From pull-ups to dips and advanced gymnastic movements, these rings provide a versatile and challenging workout experience. Enhance your upper body strength, stability, and coordination with these high-quality gymnastic rings. Perfect for home or gym use.

- Strap length: 5.5m (looped 2.75m drop length)
- Strap width: 38mm
- Indexed length markings for easy adjustment
- Metal clamp with easy length adjustment
- Regulation 28mm handle diameter
- Embroidered numbers 1-15"
"SBGYRI01","portal","Unleash your strength and improve your bodyweight training with our Wooden Gymnastic Rings. Crafted from premium-quality wood, these rings offer exceptional grip and durability.

Easily adjustable straps allow for customizable height and exercises. From pull-ups to dips and advanced gymnastic movements, these rings provide a versatile and challenging workout experience. Enhance your upper body strength, stability, and coordination with these high-quality gymnastic rings. Perfect for home or gym use.

- Strap length: 5.5m (looped 2.75m drop length)
- Strap width: 38mm
- Indexed length markings for easy adjustment
- Metal clamp with easy length adjustment
- Regulation 28mm handle diameter
- Embroidered numbers 1-15"
"MSLBSE04","public","Introducing our revolutionary Hip Thrust Machine (Selectorized), designed to maximize your glute and hamstring strength training.

With an adjustable weight stack and comfortable padding, this machine provides a smooth and controlled movement for targeted muscle activation. Sculpt your lower body with confidence and achieve your fitness goals with this cutting-edge equipment.

- The MasterKraft Elite Strength Line represents the absolute best quality full commercial rated strength pieces available on the market today
- Expert biomechanics ensure controlled, natural movement, providing an enjoyable experience for all users
- Articulating seats adjust at an angle to ensure optimum positioning and effectiveness for exercisers of all sizes
- Sleek design and quality materials combine for impressive aesthetics.
- Adjustment dials and knobs have a large diameter and are colour coded for easy use and recognition. Seats can also be adjusted with one-hand operation
- 220lb weights stack with 25mm machined cast weight plates"
"SEWMBB01","portal","This heavy-duty rack securely holds up to six barbells, keeping them organised and easily accessible. The wall-mounted design saves valuable floor space while ensuring barbells are stored safely and securely. Streamline your gym setup with this sturdy and space-saving barbell storage rack.

Maximise your gym's efficiency with our 6 Bar Wall Mounted Horizontal Barbell Storage Rack.

- Keep your barbells off the floor and easily accessible
- Holds 6 barbells horizontally
- Maximise floor space
- Protect your barbells
- Wall mounted
- Powder coat finish"
"MEWMBB01","public","This heavy-duty rack securely holds up to six barbells, keeping them organised and easily accessible. The wall-mounted design saves valuable floor space while ensuring barbells are stored safely and securely. Streamline your gym setup with this sturdy and space-saving barbell storage rack.

Maximise your gym's efficiency with our 6 Bar Wall Mounted Horizontal Barbell Storage Rack.

- Keep your barbells off the floor and easily accessible
- Holds 6 barbells horizontally
- Maximise floor space
- Protect your barbells
- Wall mounted
- Powder coat finish"
"SEFRDB08","portal","Efficiently store and organise your dumbbells with our Horizontal Dumbbell Rack - 2 Tier (10 Pair).

This heavy-duty rack is designed to hold up to ten pairs of dumbbells, keeping your workout area clutter-free. The two-tiered design ensures easy access to your weights, while the durable construction guarantees long-lasting performance. Its compact footprint makes it ideal for home gyms or commercial facilities with limited space. Upgrade your gym setup and enjoy a tidy and convenient storage solution for your dumbbells.

- Holds 10 pair of round fixed dumbbells
- Horizontal style frame with tilted saddles
- Powder coat finish
- Nylon saddles
- Non-marking feet"
"MEFRDB08","public","Efficiently store and organise your dumbbells with our Horizontal Dumbbell Rack - 2 Tier (10 Pair).

This heavy-duty rack is designed to hold up to ten pairs of dumbbells, keeping your workout area clutter-free. The two-tiered design ensures easy access to your weights, while the durable construction guarantees long-lasting performance. Its compact footprint makes it ideal for home gyms or commercial facilities with limited space. Upgrade your gym setup and enjoy a tidy and convenient storage solution for your dumbbells.

- Holds 10 pair of round fixed dumbbells
- Horizontal style frame with tilted saddles
- Powder coat finish
- Nylon saddles
- Non-marking feet"
"SEFRDB11","portal","Organise your dumbbells in style with our Horizontal Dumbbell Rack - 2 Tier (10 Pair).

This sleek and sturdy rack is designed to hold up to 10 pairs of dumbbells, providing a convenient storage solution for your workout space. The two-tier design maximises storage capacity while minimising the floor footprint. With its durable construction and ergonomic design, this Horizontal Dumbbell Rack ensures easy access to your dumbbells while keeping them securely in place. Upgrade your gym or home setup with this functional and space-efficient storage solution.

- Holds 10 pair of round fixed dumbbells
- Horizontal style frame with tilted saddles
- Powder coat finish
- Nylon saddles
- Non-marking feet"
"MEFRDB11","public","Organise your dumbbells in style with our Horizontal Dumbbell Rack - 2 Tier (10 Pair).

This sleek and sturdy rack is designed to hold up to 10 pairs of dumbbells, providing a convenient storage solution for your workout space. The two-tier design maximises storage capacity while minimising the floor footprint. With its durable construction and ergonomic design, this Horizontal Dumbbell Rack ensures easy access to your dumbbells while keeping them securely in place. Upgrade your gym or home setup with this functional and space-efficient storage solution.

- Holds 10 pair of round fixed dumbbells
- Horizontal style frame with tilted saddles
- Powder coat finish
- Nylon saddles
- Non-marking feet"
"SEFRDB13","portal","Organise your dumbbells in style with our Horizontal Dumbbell Rack - 2 Tier (10 Pair).

This sleek and sturdy rack is designed to hold up to 10 pairs of dumbbells, providing a convenient storage solution for your workout space. The two-tier design maximises storage capacity while minimising the floor footprint. With its durable construction and ergonomic design, this Horizontal Dumbbell Rack ensures easy access to your dumbbells while keeping them securely in place. Upgrade your gym or home setup with this functional and space-efficient storage solution.

- Holds 10 pair of round fixed dumbbells
- Horizontal style frame with tilted saddles
- Powder coat finish
- Nylon saddles
- Non-marking feet"
"SEFRDB07","portal","Keep your dumbbells organised and easily accessible with our Horizontal Dumbbell Rack - 2 Tier (5 Pair).

This sturdy rack features two tiers to accommodate up to five pairs of dumbbells, allowing you to maximise your storage space. The compact design makes it perfect for home gyms or limited space areas. Constructed with high-quality materials, this rack ensures durability and stability. With its sleek and functional design, it's the perfect storage solution for your dumbbells."
"MEFRDB07","public","Keep your dumbbells organised and easily accessible with our Horizontal Dumbbell Rack - 2 Tier (5 Pair).

This sturdy rack features two tiers to accommodate up to five pairs of dumbbells, allowing you to maximise your storage space. The compact design makes it perfect for home gyms or limited space areas. Constructed with high-quality materials, this rack ensures durability and stability. With its sleek and functional design, it's the perfect storage solution for your dumbbells."
"SEFRDB10","portal","Upgrade your gym's organisation with our Horizontal Dumbbell Rack - 2 Tier (5 Pair).

This sleek and compact rack provides a convenient storage solution for up to five pairs of dumbbells, helping you keep your workout area clean and clutter-free. The two-tiered design allows for easy access to your dumbbells, while the durable construction ensures long-lasting durability. Whether you have a home gym or a commercial fitness facility, this rack is the perfect addition for efficient and space-saving dumbbell storage.

- Holds 5 pair of round fixed dumbbells
- Horizontal style frame with tilted saddles
- Powder coat finish
- Nylon saddles
- Non-marking feet"
"MEFRDB10","public","Upgrade your gym's organisation with our Horizontal Dumbbell Rack - 2 Tier (5 Pair).

This sleek and compact rack provides a convenient storage solution for up to five pairs of dumbbells, helping you keep your workout area clean and clutter-free. The two-tiered design allows for easy access to your dumbbells, while the durable construction ensures long-lasting durability. Whether you have a home gym or a commercial fitness facility, this rack is the perfect addition for efficient and space-saving dumbbell storage.

- Holds 5 pair of round fixed dumbbells
- Horizontal style frame with tilted saddles
- Powder coat finish
- Nylon saddles
- Non-marking feet"
"SEFRDB09","portal","Keep your dumbbells organised and within easy reach with our Horizontal Dumbbell Rack - 3 Tier (15 Pair).

This sturdy and space-saving rack is designed to hold up to fifteen pairs of dumbbells, providing a neat and efficient storage solution. The three-tiered design allows for quick and easy access to your weights during workouts. Constructed with durability in mind, this rack is built to withstand heavy use in both home and commercial gym environments. Upgrade your gym setup and enjoy a clutter-free workout area with this premium dumbbell storage solution.

- Holds 15 pair of round fixed dumbbells
- Horizontal style frame with tilted saddles
- Powder coat finish
- Nylon saddles
- Non-marking feet"
"MEFRDB09","public","Keep your dumbbells organised and within easy reach with our Horizontal Dumbbell Rack - 3 Tier (15 Pair).

This sturdy and space-saving rack is designed to hold up to fifteen pairs of dumbbells, providing a neat and efficient storage solution. The three-tiered design allows for quick and easy access to your weights during workouts. Constructed with durability in mind, this rack is built to withstand heavy use in both home and commercial gym environments. Upgrade your gym setup and enjoy a clutter-free workout area with this premium dumbbell storage solution.

- Holds 15 pair of round fixed dumbbells
- Horizontal style frame with tilted saddles
- Powder coat finish
- Nylon saddles
- Non-marking feet"
"SEFRKB01","portal","Maximise your gym's storage space with our Kettlebell Rack (2 Tier). This sturdy and versatile rack is designed to hold and organize your kettlebells in a compact and efficient manner.

The two-tiered design allows for easy access to your kettlebells while optimizing floor space. The durable construction ensures long-lasting performance, and the sleek design adds a professional touch to any fitness facility. Upgrade your gym's storage capabilities and keep your kettlebells organised with this convenient and space-saving rack."
"MEFRKB01","public","Maximise your gym's storage space with our Kettlebell Rack (2 Tier). This sturdy and versatile rack is designed to hold and organize your kettlebells in a compact and efficient manner.

The two-tiered design allows for easy access to your kettlebells while optimizing floor space. The durable construction ensures long-lasting performance, and the sleek design adds a professional touch to any fitness facility. Upgrade your gym's storage capabilities and keep your kettlebells organised with this convenient and space-saving rack."
"SEFRKB02","portal","Optimise your gym's organisation with our Kettlebell Rack (2 Tier). This heavy-duty storage solution offers a sleek and space-efficient design, allowing you to neatly store and access your kettlebells.

With its two-tiered layout, you can easily distinguish between different weight ranges, promoting a clutter-free training area. The robust construction ensures durability, while the compact footprint saves valuable floor space. Upgrade your gym's storage system and keep your kettlebells in order with this reliable and efficient rack.

- Compact design with minimal footprint
- Steel shelves (2) with non-slip durable material
- Non marking feet
- Matt black two coat painting
- Stores up to 10 MasterKraft kettlebells
- Thick steel shelves with PVC surface and edging"
"MEFRKB02","public","Optimise your gym's organisation with our Kettlebell Rack (2 Tier). This heavy-duty storage solution offers a sleek and space-efficient design, allowing you to neatly store and access your kettlebells.

With its two-tiered layout, you can easily distinguish between different weight ranges, promoting a clutter-free training area. The robust construction ensures durability, while the compact footprint saves valuable floor space. Upgrade your gym's storage system and keep your kettlebells in order with this reliable and efficient rack.

- Compact design with minimal footprint
- Steel shelves (2) with non-slip durable material
- Non marking feet
- Matt black two coat painting
- Stores up to 10 MasterKraft kettlebells
- Thick steel shelves with PVC surface and edging"
"SEFRKB03","portal","Elevate your gym's organisation with our Kettlebell Rack (2 Tier). This top-of-the-line storage solution is designed to maximise efficiency and convenience in your training space.

With its two-tiered design, it provides ample storage capacity for your kettlebells, keeping them easily accessible and well-organised. The heavy-duty construction ensures durability and stability, while the sleek and modern aesthetic adds a professional touch to your gym. Upgrade your storage system and optimise your training area with this premium kettlebell rack.

- Compact design with minimal footprint
- Steel shelves (2) with non-slip durable material
- Non marking feet
- Matt black two coat painting
- Stores up to 10 MasterKraft kettlebells
- Thick steel shelves with PVC surface and edging"
"MEFRKB03","public","Elevate your gym's organisation with our Kettlebell Rack (2 Tier). This top-of-the-line storage solution is designed to maximise efficiency and convenience in your training space.

With its two-tiered design, it provides ample storage capacity for your kettlebells, keeping them easily accessible and well-organised. The heavy-duty construction ensures durability and stability, while the sleek and modern aesthetic adds a professional touch to your gym. Upgrade your storage system and optimise your training area with this premium kettlebell rack.

- Compact design with minimal footprint
- Steel shelves (2) with non-slip durable material
- Non marking feet
- Matt black two coat painting
- Stores up to 10 MasterKraft kettlebells
- Thick steel shelves with PVC surface and edging"
"MBRPBA01","public","Take your strength and resistance training to the next level with our Knitted Resistance Bands (Pack of 3).

Knitted resistance bands are fitness accessories used for strength training, stretching, and various other exercises. With latex rubber woven into the elasticized cotton, these bands are more durable, comfortable, and washable than rubber resistance bands. These bands offer resistance when stretched, providing resistance throughout a range of motion during exercises. Each band in a set provides a different thickness and resistance level indicated by colour, accommodating various fitness levels exercise needs. These bands are versatile and can be used for a wide range of exercises, including squats, lunges, leg lifts, arm exercises, and more. They can target different muscle groups, depending on how they are used. The knitted fabric design provides comfort during use and reduces the risk of the band pinching the skin. Additionally, the knitting technique enhances durability and minimizes the likelihood of the band tearing or snapping during use. Knitted resistance bands are often used in rehabilitation and physical therapy settings to aid in muscle strengthening and rehabilitation exercises for individuals recovering from injuries or surgery."
"ABRPBA01","public","Take your strength and resistance training to the next level with our Knitted Resistance Bands (Pack of 3).

Knitted resistance bands are fitness accessories used for strength training, stretching, and various other exercises. With latex rubber woven into the elasticized cotton, these bands are more durable, comfortable, and washable than rubber resistance bands. These bands offer resistance when stretched, providing resistance throughout a range of motion during exercises. Each band in a set provides a different thickness and resistance level indicated by colour, accommodating various fitness levels exercise needs. These bands are versatile and can be used for a wide range of exercises, including squats, lunges, leg lifts, arm exercises, and more. They can target different muscle groups, depending on how they are used. The knitted fabric design provides comfort during use and reduces the risk of the band pinching the skin. Additionally, the knitting technique enhances durability and minimizes the likelihood of the band tearing or snapping during use. Knitted resistance bands are often used in rehabilitation and physical therapy settings to aid in muscle strengthening and rehabilitation exercises for individuals recovering from injuries or surgery."
"SBRPBA01","portal","Take your strength and resistance training to the next level with our Knitted Resistance Bands (Pack of 3).

Knitted resistance bands are fitness accessories used for strength training, stretching, and various other exercises. With latex rubber woven into the elasticized cotton, these bands are more durable, comfortable, and washable than rubber resistance bands. These bands offer resistance when stretched, providing resistance throughout a range of motion during exercises. Each band in a set provides a different thickness and resistance level indicated by colour, accommodating various fitness levels exercise needs. These bands are versatile and can be used for a wide range of exercises, including squats, lunges, leg lifts, arm exercises, and more. They can target different muscle groups, depending on how they are used. The knitted fabric design provides comfort during use and reduces the risk of the band pinching the skin. Additionally, the knitting technique enhances durability and minimizes the likelihood of the band tearing or snapping during use. Knitted resistance bands are often used in rehabilitation and physical therapy settings to aid in muscle strengthening and rehabilitation exercises for individuals recovering from injuries or surgery."
"MSBMSE04","public","Introducing our Lat Pulldown & Seated Row Machine (Selectorized), the ultimate powerhouse for building a strong and sculpted upper body.

With its dual-function design, you can effortlessly switch between lat pulldowns and seated rows. The user-friendly selectorized system allows for precise weight adjustments, while the ergonomic seat and handles provide optimal comfort and support. Elevate your fitness journey with this versatile and durable machine.

- Dual function mechanism increases functionality and saves space
- Thigh pads keep you secured in position while performing pull downs
- Foot rests provide greater stability during rows
- Cable attachments included
- 220lb weight stack with 25mm machined cast weight plates
- Aircraft quality gym cables tested to 4,200lb breaking strength"
"MBSAHD01","public","Boost your speed, agility, and lateral movement with our Lateral Endurance Hurdles (Set of 4).

Designed for athletes of all levels, these durable hurdles are perfect for sports training, fitness drills, and agility exercises. This set of Masterkraft Lateral Endurance Hurdles provides an alternative to the normal plastic models on the market today. Soft training hurdles are a safer and more stable option to the generic models available. Made from heavy duty, water resistant PVC and EPE material which can be wiped down to maintain a clean and germ free environment. Inside is a soft memory foam that protects against knocks and allows the user to work at higher intensity without fear of injury. A counter balanced base helps keep each hurdle in an upright position and have you focused on the training rather than the need to constantly stand them back up. No matter if you are indoors at the gym or out on the field with your team these lateral endurance hurdles will stand the test of time. Get ready to conquer your goals and improve your speed and agility with these essential training tools."
"SBSAHD01","portal","Boost your speed, agility, and lateral movement with our Lateral Endurance Hurdles (Set of 4).

Designed for athletes of all levels, these durable hurdles are perfect for sports training, fitness drills, and agility exercises. This set of Masterkraft Lateral Endurance Hurdles provides an alternative to the normal plastic models on the market today. Soft training hurdles are a safer and more stable option to the generic models available. Made from heavy duty, water resistant PVC and EPE material which can be wiped down to maintain a clean and germ free environment. Inside is a soft memory foam that protects against knocks and allows the user to work at higher intensity without fear of injury. A counter balanced base helps keep each hurdle in an upright position and have you focused on the training rather than the need to constantly stand them back up. No matter if you are indoors at the gym or out on the field with your team these lateral endurance hurdles will stand the test of time. Get ready to conquer your goals and improve your speed and agility with these essential training tools."
"SLLE2502","portal","Please Note: A standard REVL Studio generally requires 4x REVL LED Dimmers. 



Control the brightness of LED (Light Emitting Diode) lights with dimmers.

These dimmers can be standalone units installed in electrical circuits or integrated into lighting fixtures, lamps, or smart home systems.

- Dimmable- 0-10v"
"MSLBSE05","public","Experience the ultimate lower body workout with our Leg Extension & Leg Curl Machine (Selectorized).

This versatile equipment allows you to target your quadriceps and hamstrings with precision. With adjustable resistance and ergonomic design, it provides a comfortable and effective training experience. Build strong and toned legs effortlessly with this exceptional machine.

- The MasterKraft Elite Strength Line represents the absolute best quality full commercial rated strength pieces available on the market today
- Expert biomechanics ensure controlled, natural movement, providing an enjoyable experience for all users
- Articulating seats adjust at an angle to ensure optimum positioning and effectiveness for exercisers of all sizes
- Sleek design and quality materials combine for impressive aesthetics.
- Adjustment dials and knobs have a large diameter and are colour coded for easy use and recognition. Seats can also be adjusted with one-hand operation
- 220lb weights stack with 25mm machined cast weight plates"
"MSLBSE01","public","Get ready to sculpt and strengthen your lower body with our Leg Extension Machine (Selectorized).

With its user-friendly selectorized system, adjustable seat, and padded support, this machine allows you to perform leg extensions with ease and comfort. It effectively targets and isolates the quadriceps muscles for a toned and defined look. Elevate your fitness journey with this durable and efficient machine.

- The MasterKraft Elite Strength Line represents the absolute best quality full commercial rated strength pieces available on the market today
- Expert biomechanics ensure controlled, natural movement, providing an enjoyable experience for all users
- Articulating seats adjust at an angle to ensure optimum positioning and effectiveness for exercisers of all sizes
- Sleek design and quality materials combine for impressive aesthetics.
- Adjustment dials and knobs have a large diameter and are colour coded for easy use and recognition. Seats can also be adjusted with one-hand operation
- 220lb weights stack with 25mm machined cast weight plates"
"SLLE2501","portal","The linear LED lighting system specifically for gyms consists of an extruded beam profile fitted with high quality LED light source components.

Customised lengths, variable power options, customised control gear solutions and dimming options are all available by request.

- Input voltage- 220-240VAC
- Watts per linear metre- 33
- Surface mounted or wire suspended
- IP protection rating- IP20
- Profile dimensions- 75 x 75mm
- Lengths- 2.39m, continuous/linkable"
"SEFRBL01","portal","Keep your gym organised and efficient with our Medicine Ball Rack - 10 Ball (Double Sided).

This sturdy and space-saving storage solution is designed to hold up to 10 medicine balls, providing easy access and convenient storage. Its double-sided design allows for maximum storage capacity in a compact footprint. The durable construction ensures long-lasting performance, while the sleek design adds a professional touch to any gym environment. Say goodbye to clutter and keep your workout area tidy with our Medicine Ball Rack - 10 Ball (Double Sided)."
"AEFRBL01","public","Keep your gym organised and efficient with our Medicine Ball Rack - 10 Ball (Double Sided).

This sturdy and space-saving storage solution is designed to hold up to 10 medicine balls, providing easy access and convenient storage. Its double-sided design allows for maximum storage capacity in a compact footprint. The durable construction ensures long-lasting performance, while the sleek design adds a professional touch to any gym environment. Say goodbye to clutter and keep your workout area tidy with our Medicine Ball Rack - 10 Ball (Double Sided)."
"MEFRBL01","public","Keep your gym organised and efficient with our Medicine Ball Rack - 10 Ball (Double Sided).

This sturdy and space-saving storage solution is designed to hold up to 10 medicine balls, providing easy access and convenient storage. Its double-sided design allows for maximum storage capacity in a compact footprint. The durable construction ensures long-lasting performance, while the sleek design adds a professional touch to any gym environment. Say goodbye to clutter and keep your workout area tidy with our Medicine Ball Rack - 10 Ball (Double Sided)."
"SEFRBL02","portal","Keep your gym or fitness studio organised and clutter-free with our Medicine Ball Rack - 10 Ball (Single Sided).

This sleek and sturdy storage solution is specifically designed to hold up to 10 medicine balls in a single-sided configuration, saving valuable floor space. The durable steel construction ensures long-lasting durability, while the compact design allows for easy placement in any corner or against a wall. With the Medicine Ball Rack - 10 Ball (Single Sided), you can easily access and store your medicine balls, keeping your workout area tidy and maximizing efficiency."
"MEFRBL02","public","Keep your gym or fitness studio organised and clutter-free with our Medicine Ball Rack - 10 Ball (Single Sided).

This sleek and sturdy storage solution is specifically designed to hold up to 10 medicine balls in a single-sided configuration, saving valuable floor space. The durable steel construction ensures long-lasting durability, while the compact design allows for easy placement in any corner or against a wall. With the Medicine Ball Rack - 10 Ball (Single Sided), you can easily access and store your medicine balls, keeping your workout area tidy and maximizing efficiency."
"SEFRBL03","portal","Maximise your gym space and keep your medicine balls organised with our Medicine Ball Rack - 5 Ball (Single Sided).

This sleek and compact storage solution is designed to hold up to five medicine balls in a single-sided configuration. The sturdy steel construction ensures durability and stability, while the space-saving design allows for easy placement against a wall or in a corner. Say goodbye to clutter and keep your workout area neat and tidy with our Medicine Ball Rack - 5 Ball (Single Sided)."
"MEFRBL03","public","Maximise your gym space and keep your medicine balls organised with our Medicine Ball Rack - 5 Ball (Single Sided).

This sleek and compact storage solution is designed to hold up to five medicine balls in a single-sided configuration. The sturdy steel construction ensures durability and stability, while the space-saving design allows for easy placement against a wall or in a corner. Say goodbye to clutter and keep your workout area neat and tidy with our Medicine Ball Rack - 5 Ball (Single Sided)."
"SMPA5BL02","portal","This Medicine Ball Pack is an essential tool for functional training, offering a versatile workout that targets multiple muscle groups. This fitness tool is designed to improve all-round strength, increase power, and improve speed and acceleration. This versatile pack includes a range of weights, from 1/2kg to 1/10kg, providing you with multiple options to challenge yourself and progress your workouts.

High quality textured rubber surface for perfect grip. Hard round shell to replicate ball sports. Rubber weighted centres for better balance. Medicine balls help develop core strength and improve coordination, balance and endurance. With its durable construction, this ball can withstand intense workouts and is perfect for a variety of exercises, such as squats, lunges, and Russian twists. Designed to meet the demands of serious athletes and fitness enthusiasts, add this Medicine Ball Pack to your fitness routine for a challenging and effective workout. *Do not use for slamming.

- Texturised hard rubber shell aids grip
- Rubber weighted centres for stability
- Portable and suited to many training environments
- Weather proof
- Combining black with a bright colour for easy weight identification"
"MMPA5BL02","public","This Medicine Ball Pack is an essential tool for functional training, offering a versatile workout that targets multiple muscle groups. This fitness tool is designed to improve all-round strength, increase power, and improve speed and acceleration. This versatile pack includes a range of weights, from 1/2kg to 1/10kg, providing you with multiple options to challenge yourself and progress your workouts.

High quality textured rubber surface for perfect grip. Hard round shell to replicate ball sports. Rubber weighted centres for better balance. Medicine balls help develop core strength and improve coordination, balance and endurance. With its durable construction, this ball can withstand intense workouts and is perfect for a variety of exercises, such as squats, lunges, and Russian twists. Designed to meet the demands of serious athletes and fitness enthusiasts, add this Medicine Ball Pack to your fitness routine for a challenging and effective workout. *Do not use for slamming.

- Texturised hard rubber shell aids grip
- Rubber weighted centres for stability
- Portable and suited to many training environments
- Weather proof
- Combining black with a bright colour for easy weight identification"
"MBRPMI01","public","Take your workouts to the next level with our Micro Bands (Pack of 4). These versatile resistance bands offer a range of intensities to target different muscle groups and add resistance to your exercises.

Glute training has increased in popularity since the inception of crossfit and functional fitness training. A key product to activate and work your glutes are Micro Bands. The Masterkraft Micro Band Set comes with 4 different resistance levels that cater to various exercises and strength levels. Micro Bands can vary in quality depending on the quality of rubber used and also how they are constructed. The Masterkraft Micro Bands are made from durable snap resistant 100% latex rubber. Each of the 4 different resistance bands in this pack are colour coded to represent the strength level which ranges from 10lb up to 40lb. The lighter bands are perfect for beginners and movements where your feet are not anchored such as side raises while the heavier bands are great for advanced users and exercises where you are in a stronger starting position like squats."
"SBRPMI01","portal","Take your workouts to the next level with our Micro Bands (Pack of 4). These versatile resistance bands offer a range of intensities to target different muscle groups and add resistance to your exercises.

Glute training has increased in popularity since the inception of crossfit and functional fitness training. A key product to activate and work your glutes are Micro Bands. The Masterkraft Micro Band Set comes with 4 different resistance levels that cater to various exercises and strength levels. Micro Bands can vary in quality depending on the quality of rubber used and also how they are constructed. The Masterkraft Micro Bands are made from durable snap resistant 100% latex rubber. Each of the 4 different resistance bands in this pack are colour coded to represent the strength level which ranges from 10lb up to 40lb. The lighter bands are perfect for beginners and movements where your feet are not anchored such as side raises while the heavier bands are great for advanced users and exercises where you are in a stronger starting position like squats."
"MBSADI01","public","Enhance your agility training and mark out your drills with our Mini Disc Cones (Set of 50). These brightly colored cones are perfect for setting up obstacle courses, marking boundaries, or creating training circuits.

Made from durable and flexible plastic, they are designed to withstand intense workouts and outdoor conditions. The compact size makes them easy to carry and store, while the vibrant colors ensure high visibility. Take your training to the next level with our Mini Disc Cones and improve your speed, agility, and coordination.

- Durable, flexible plastic
- High visibility
- Stamd included"
"ABSADI01","public","Enhance your agility training and mark out your drills with our Mini Disc Cones (Set of 50). These brightly colored cones are perfect for setting up obstacle courses, marking boundaries, or creating training circuits.

Made from durable and flexible plastic, they are designed to withstand intense workouts and outdoor conditions. The compact size makes them easy to carry and store, while the vibrant colors ensure high visibility. Take your training to the next level with our Mini Disc Cones and improve your speed, agility, and coordination."
"SBSADI01","portal","Enhance your agility training and mark out your drills with our Mini Disc Cones (Set of 50). These brightly colored cones are perfect for setting up obstacle courses, marking boundaries, or creating training circuits.

Made from durable and flexible plastic, they are designed to withstand intense workouts and outdoor conditions. The compact size makes them easy to carry and store, while the vibrant colors ensure high visibility. Take your training to the next level with our Mini Disc Cones and improve your speed, agility, and coordination.

- Durable, flexible plastic
- High visibility
- Stamd included"
"SEFRACC12","portal","Discover the pinnacle of gym organisation with our Modular Storage Rack - the ultimate solution for decluttering your fitness space. This complete offering includes 2 Dual Pipe Shelves and 2 Flat Shelves, providing unmatched versatility.

With four tiers of adjustable shelves, this rack provides ample space to organize and store dumbbells, kettlebells, medicine balls, and more. Its sturdy construction ensures stability and durability, while the sleek design adds a modern touch to any fitness facility. Upgrade your storage capabilities with this functional and space-saving modular storage rack.

- Features 2 flat shelves for hex dumbbells and kettlebells, and 2 dual pipe shelves for exercise balls including slam balls, medicine balls and wall balls
- Free standing storage designed to neatly store your training gear
- Heavy duty design
- Black powder coating finish"
"SEFRACC06","portal","Discover the pinnacle of gym organisation with our Modular Storage Rack - the ultimate solution for decluttering your fitness space. This complete offering includes 2 Dual Pipe Shelves and 2 Flat Shelves, providing unmatched versatility.

With four tiers of adjustable shelves, this rack provides ample space to organize and store dumbbells, kettlebells, medicine balls, and more. Its sturdy construction ensures stability and durability, while the sleek design adds a modern touch to any fitness facility. Upgrade your storage capabilities with this functional and space-saving modular storage rack.

- Features 2 flat shelves for hex dumbbells and kettlebells, and 2 dual pipe shelves for exercise balls including slam balls, medicine balls and wall balls
- Free standing storage designed to neatly store your training gear
- Heavy duty design
- Black powder coating finish"
"MEFRACC06","public","Discover the pinnacle of gym organisation with our Modular Storage Rack - the ultimate solution for decluttering your fitness space. This complete offering includes 2 Dual Pipe Shelves and 2 Flat Shelves, providing unmatched versatility.

With four tiers of adjustable shelves, this rack provides ample space to organize and store dumbbells, kettlebells, medicine balls, and more. Its sturdy construction ensures stability and durability, while the sleek design adds a modern touch to any fitness facility. Upgrade your storage capabilities with this functional and space-saving modular storage rack.

- Features 2 flat shelves for hex dumbbells and kettlebells, and 2 dual pipe shelves for exercise balls including slam balls, medicine balls and wall balls
- Free standing storage designed to neatly store your training gear
- Heavy duty design
- Black powder coating finish"
"AEFRACC02","public","Elevate your fitness space with our Heavy Duty 2-Tier Modular Storage, perfectly designed for Kettlebells and Dumbbells. Crafted for both form and function, this sleek and robust storage unit offers a dedicated home for your workout essentials.

The most heavy duty functional storage rack on the market. This modular storage rack is space efficient and built strong with 80 x 80 x 4mm gauge steel, so loading up with all of your heavy dumbbells, bumper plates, kettlebells, medicine balls and slam balls isn't an issue. Included are two shelves for kettlebells and dumbbells (second shelf design for exercise balls and bumper plates is also available). This design allows double stacking of two complete racks. Size: 1.2m(L) x 80cm(H) x 40cm(D). With two tiers and a generous 1.2m width, it accommodates a variety of weights, keeping your gym organised and efficient. Constructed with heavy-duty materials, it ensures stability and long-lasting durability. Installation is straightforward, allowing you to create a tidy and accessible workout environment in no time. Whether you're a fitness enthusiast or a pro, our HD 2-Tier Modular Storage Rack is the ideal solution to streamline your fitness space and optimise your workouts. Experience it today!"
"MEFRACC01","public","Elevate your fitness space with our Heavy Duty 2-Tier Modular Storage, perfectly designed for Kettlebells and Dumbbells. Crafted for both form and function, this sleek and robust storage unit offers a dedicated home for your workout essentials.

The most heavy duty functional storage rack on the market. This modular storage rack is space efficient and built strong with 80 x 80 x 4mm gauge steel, so loading up with all of your heavy dumbbells, bumper plates, kettlebells, medicine balls and slam balls isn't an issue. Included are two shelves for kettlebells and dumbbells (second shelf design for exercise balls and bumper plates is also available). This design allows double stacking of two complete racks. Size: 1.2m(L) x 80cm(H) x 40cm(D). With two tiers and a generous 1.2m width, it accommodates a variety of weights, keeping your gym organised and efficient. Constructed with heavy-duty materials, it ensures stability and long-lasting durability. Installation is straightforward, allowing you to create a tidy and accessible workout environment in no time. Whether you're a fitness enthusiast or a pro, our HD 2-Tier Modular Storage Rack is the ideal solution to streamline your fitness space and optimise your workouts. Experience it today!"
"SEFRACC01","portal","Elevate your fitness space with our Heavy Duty 2-Tier Modular Storage, perfectly designed for Kettlebells and Dumbbells. Crafted for both form and function, this sleek and robust storage unit offers a dedicated home for your workout essentials.

The most heavy duty functional storage rack on the market. This modular storage rack is space efficient and built strong with 80 x 80 x 4mm gauge steel, so loading up with all of your heavy dumbbells, bumper plates, kettlebells, medicine balls and slam balls isn't an issue. Included are two shelves for kettlebells and dumbbells (second shelf design for exercise balls and bumper plates is also available). This design allows double stacking of two complete racks. Size: 1.2m(L) x 80cm(H) x 40cm(D). With two tiers and a generous 1.2m width, it accommodates a variety of weights, keeping your gym organised and efficient. Constructed with heavy-duty materials, it ensures stability and long-lasting durability. Installation is straightforward, allowing you to create a tidy and accessible workout environment in no time. Whether you're a fitness enthusiast or a pro, our HD 2-Tier Modular Storage Rack is the ideal solution to streamline your fitness space and optimise your workouts. Experience it today!"
"SEFRACC02","portal","Elevate your fitness space with our Heavy Duty 2-Tier Modular Storage, perfectly designed for Kettlebells and Dumbbells. Crafted for both form and function, this sleek and robust storage unit offers a dedicated home for your workout essentials.

The most heavy duty functional storage rack on the market. This modular storage rack is space efficient and built strong with 80 x 80 x 4mm gauge steel, so loading up with all of your heavy dumbbells, bumper plates, kettlebells, medicine balls and slam balls isn't an issue. Included are two shelves for kettlebells and dumbbells (second shelf design for exercise balls and bumper plates is also available). This design allows double stacking of two complete racks. Size: 2m(L) x 80cm(H) x 40cm(D). With two tiers and a generous 2m width, it accommodates a variety of weights, keeping your gym organised and efficient. Constructed with heavy-duty materials, it ensures stability and long-lasting durability. Installation is straightforward, allowing you to create a tidy and accessible workout environment in no time. Whether you're a fitness enthusiast or a pro, our HD 2-Tier Modular Storage Rack is the ideal solution to streamline your fitness space and optimise your workouts. Experience it today!

- Features 2 heavy duty shelves for hex dumbbells and kettlebells, and training accessories
- Free standing storage designed to neatly store your training gear
- Shelves can be flat or inclined to suit the training equipment being stored
- Heavy duty design
- Black powder coating finish"
"MEFRACC02","public","Elevate your fitness space with our Heavy Duty 2-Tier Modular Storage, perfectly designed for Kettlebells and Dumbbells. Crafted for both form and function, this sleek and robust storage unit offers a dedicated home for your workout essentials.

The most heavy duty functional storage rack on the market. This modular storage rack is space efficient and built strong with 80 x 80 x 4mm gauge steel, so loading up with all of your heavy dumbbells, bumper plates, kettlebells, medicine balls and slam balls isn't an issue. Included are two shelves for kettlebells and dumbbells (second shelf design for exercise balls and bumper plates is also available). This design allows double stacking of two complete racks. Size: 2m(L) x 80cm(H) x 40cm(D). With two tiers and a generous 2m width, it accommodates a variety of weights, keeping your gym organised and efficient. Constructed with heavy-duty materials, it ensures stability and long-lasting durability. Installation is straightforward, allowing you to create a tidy and accessible workout environment in no time. Whether you're a fitness enthusiast or a pro, our HD 2-Tier Modular Storage Rack is the ideal solution to streamline your fitness space and optimise your workouts. Experience it today!

- Features 2 heavy duty shelves for hex dumbbells and kettlebells, and training accessories
- Free standing storage designed to neatly store your training gear
- Shelves can be flat or inclined to suit the training equipment being stored
- Heavy duty design
- Black powder coating finish"
"SEFRACC03","portal","Introducing the Modular Storage Rack Flat Shelf - the versatile solution for decluttering and organising your fitness space. Engineered with functionality in mind, this sleek and sturdy shelf is designed to be used with the Modular Storage Rack Sides to seamlessly integrate into your gym or home workout area.

Crafted from high-quality materials, it ensures durability and reliability to hold your workout gear, from dumbbells to kettlebells and more. The modular design allows you to customise and expand your storage as your fitness collection grows. Easy to install, it transforms your space into an organised and efficient exercise haven. Elevate your fitness environment with the Modular Storage Rack Flat Shelf and experience unmatched convenience today!

- Heavy duty shelf ideal to store and easily access hex dumbbells and kettlebells
- Free standing storage designed to be used in conjunction with the Modular Storage Rack Sides and neatly store your training gear
- Lip on one side edge so your training gear stays put
- Black powder coating finish"
"REFRACC01","portal","Introducing the Modular Storage Rack Flat Shelf - the versatile solution for decluttering and organising your fitness space. Engineered with functionality in mind, this sleek and sturdy shelf is designed to be used with the Modular Storage Rack Sides to seamlessly integrate into your gym or home workout area.

Crafted from high-quality materials, it ensures durability and reliability to hold your workout gear, from dumbbells to kettlebells and more. The modular design allows you to customise and expand your storage as your fitness collection grows. Easy to install, it transforms your space into an organised and efficient exercise haven. Elevate your fitness environment with the Modular Storage Rack Flat Shelf and experience unmatched convenience today!

- Heavy duty shelf ideal to store and easily access hex dumbbells and kettlebells
- Free standing storage designed to be used in conjunction with the Modular Storage Rack Sides and neatly store your training gear
- Lip on one side edge so your training gear stays put
- Black powder coating finish"
"MEFRACC03","public","Introducing the Modular Storage Rack Flat Shelf - the versatile solution for decluttering and organising your fitness space. Engineered with functionality in mind, this sleek and sturdy shelf is designed to be used with the Modular Storage Rack Sides to seamlessly integrate into your gym or home workout area.

Crafted from high-quality materials, it ensures durability and reliability to hold your workout gear, from dumbbells to kettlebells and more. The modular design allows you to customise and expand your storage as your fitness collection grows. Easy to install, it transforms your space into an organised and efficient exercise haven. Elevate your fitness environment with the Modular Storage Rack Flat Shelf and experience unmatched convenience today!

- Heavy duty shelf ideal to store and easily access hex dumbbells and kettlebells
- Free standing storage designed to be used in conjunction with the Modular Storage Rack Sides and neatly store your training gear
- Lip on one side edge so your training gear stays put
- Black powder coating finish"
"SEFRACC04","portal","Introducing the Modular Storage Rack Dual Pipe - the versatile solution for decluttering and organising your fitness space. Engineered with functionality in mind, this sleek and sturdy shelf is designed to be used with the Modular Storage Rack Sides to seamlessly integrate into your gym or home workout area.

Crafted from high-quality materials, it ensures durability and reliability to hold your workout gear, from slam balls, medicine balls, wall balls and more. The modular design allows you to customise and expand your storage as your fitness collection grows. Easy to install, it transforms your space into an organised and efficient exercise haven. Elevate your fitness environment with the Modular Storage Rack Dual Pipe and experience unmatched convenience today!

- Heavy duty dual pipe design ideal to store and easily access exercise balls including slam balls, medicine balls and wall balls
- Free standing storage designed to be used in conjunction with the Modular Storage Rack Sides and neatly store your training gear
- Black powder coating finish"
"REFRACC02","portal","Introducing the Modular Storage Rack Dual Pipe - the versatile solution for decluttering and organising your fitness space. Engineered with functionality in mind, this sleek and sturdy shelf is designed to be used with the Modular Storage Rack Sides to seamlessly integrate into your gym or home workout area.

Crafted from high-quality materials, it ensures durability and reliability to hold your workout gear, from slam balls, medicine balls, wall balls and more. The modular design allows you to customise and expand your storage as your fitness collection grows. Easy to install, it transforms your space into an organised and efficient exercise haven. Elevate your fitness environment with the Modular Storage Rack Dual Pipe and experience unmatched convenience today!

- Heavy duty dual pipe design ideal to store and easily access exercise balls including slam balls, medicine balls and wall balls
- Free standing storage designed to be used in conjunction with the Modular Storage Rack Sides and neatly store your training gear
- Black powder coating finish"
"MEFRACC04","public","Introducing the Modular Storage Rack Dual Pipe - the versatile solution for decluttering and organising your fitness space. Engineered with functionality in mind, this sleek and sturdy shelf is designed to be used with the Modular Storage Rack Sides to seamlessly integrate into your gym or home workout area.

Crafted from high-quality materials, it ensures durability and reliability to hold your workout gear, from slam balls, medicine balls, wall balls and more. The modular design allows you to customise and expand your storage as your fitness collection grows. Easy to install, it transforms your space into an organised and efficient exercise haven. Elevate your fitness environment with the Modular Storage Rack Dual Pipe and experience unmatched convenience today!

- Heavy duty dual pipe design ideal to store and easily access exercise balls including slam balls, medicine balls and wall balls
- Free standing storage designed to be used in conjunction with the Modular Storage Rack Sides and neatly store your training gear
- Black powder coating finish"
"SEFRACC05","portal","Crafted with precision and durability in mind, this versatile rack side allows you to create a customised storage solution tailored to your needs. Its generous 1582mm height offers ample space to accommodateseveral shelves or dual pipe racks and store a variety of workout equipment, from weights to accessories.

Crafted from high-quality materials, it ensures durability and reliability to hold your workout gear. The modular design allows you to customise and expand your storage as your fitness collection grows. Easy to install, it transforms your space into an organised and efficient exercise haven. Elevate your fitness environment with the Modular Storage Rack Sides and experience unmatched convenience today!

- Use in conjunction with the MasterKraft Modular Storage Rack Flat Shelves and Modular Storage Rack Dual Pipe Shelves to store all of your training gear
- Free standing storage designed to neatly store your training gear
- Heavy duty design
- Black powder coating finish"
"MEFRACC05","public","Crafted with precision and durability in mind, this versatile rack side allows you to create a customised storage solution tailored to your needs. Its generous 1582mm height offers ample space to accommodateseveral shelves or dual pipe racks and store a variety of workout equipment, from weights to accessories.

Crafted from high-quality materials, it ensures durability and reliability to hold your workout gear. The modular design allows you to customise and expand your storage as your fitness collection grows. Easy to install, it transforms your space into an organised and efficient exercise haven. Elevate your fitness environment with the Modular Storage Rack Sides and experience unmatched convenience today!

- Use in conjunction with the MasterKraft Modular Storage Rack Flat Shelves and Modular Storage Rack Dual Pipe Shelves to store all of your training gear
- Free standing storage designed to neatly store your training gear
- Heavy duty design
- Black powder coating finish"
"REFRACC03","portal","Crafted with precision and durability in mind, this versatile rack side allows you to create a customised storage solution tailored to your needs. Its generous 1582mm height offers ample space to accommodateseveral shelves or dual pipe racks and store a variety of workout equipment, from weights to accessories.

Crafted from high-quality materials, it ensures durability and reliability to hold your workout gear. The modular design allows you to customise and expand your storage as your fitness collection grows. Easy to install, it transforms your space into an organised and efficient exercise haven. Elevate your fitness environment with the Modular Storage Rack Sides and experience unmatched convenience today!

- Use in conjunction with the MasterKraft Modular Storage Rack Flat Shelves and Modular Storage Rack Dual Pipe Shelves to store all of your training gear
- Free standing storage designed to neatly store your training gear
- Heavy duty design
- Black powder coating finish"
"MSCSSE04","public","Introducing our Multi Press Machine (Selectorized), the ultimate all-in-one solution for upper body strength training.

This versatile machine allows you to target multiple muscle groups, including chest, shoulders, and triceps, with precision. With its user-friendly selectorized system, adjustable seat, and ergonomic handles, you can perform a variety of exercises with ease. Elevate your fitness journey with this durable and efficient machine.

- The MasterKraft Elite Strength Line represents the absolute best quality full commercial rated strength pieces available on the market today
- Expert biomechanics ensure controlled, natural movement, providing an enjoyable experience for all users
- Articulating seats adjust at an angle to ensure optimum positioning and effectiveness for exercisers of all sizes
- Sleek design and quality materials combine for impressive aesthetics.
- Adjustment dials and knobs have a large diameter and are colour coded for easy use and recognition. Seats can also be adjusted with one-hand operation
- 220lb weights stack with 25mm machined cast weight plates"
"AWWLACC02","public","Enhance your weightlifting experience with our Olympic Bar Easy Lock Collars (Pair).

The 50mm Easy-Lock Collar is perfect for use with Olympic barbells. The single-action cam lock securely clamps the collar once positioned on the barbell. Easy release with one hand and fast locking action when changing weight plates makes light work of changing plates during workout classes. Made from durable solid nylon resin."
"RWWLACC02","portal","Enhance your weightlifting experience with our Olympic Bar Easy Lock Collars (Pair).

The 50mm Easy-Lock Collar is perfect for use with Olympic barbells. The single-action cam lock securely clamps the collar once positioned on the barbell. Easy release with one hand and fast locking action when changing weight plates makes light work of changing plates during workout classes. Made from durable solid nylon resin.

- Easy Snap Lock design
- Suitable for Olympic Barbells 50mm in thickness
- Moulded Pressure Pads
- Nylon Resin"
"MWWLACC02","public","Enhance your weightlifting experience with our Olympic Bar Easy Lock Collars (Pair).

The 50mm Easy-Lock Collar is perfect for use with Olympic barbells. The single-action cam lock securely clamps the collar once positioned on the barbell. Easy release with one hand and fast locking action when changing weight plates makes light work of changing plates during workout classes. Made from durable solid nylon resin."
"SWWLACC02","portal","Enhance your weightlifting experience with our Olympic Bar Easy Lock Collars (Pair).

The 50mm Easy-Lock Collar is perfect for use with Olympic barbells. The single-action cam lock securely clamps the collar once positioned on the barbell. Easy release with one hand and fast locking action when changing weight plates makes light work of changing plates during workout classes. Made from durable solid nylon resin."
"AWBBOL03","public","Introducing our premium Olympic Barbell - 15kg, built to support your strength training goals.

This 15kg high alloy steel Olympic barbell is the perfect solution for group fitness weightlifting movements. With an impressive 1500lb capacity, this barbell is designed to handle heavy loads. The knurled grip provides a secure hold, while the smooth spinning sleeves make plate changes seamless. Material: hardened chrome. Shaft: black zinc, 25mm diameter. Needle bearings: 4. Capacity: 1500lbs. Length: 2005mm. Black rubber band around 50mm sleeves with printed MasterKraft logo, and aluminium badge on ends for easy size/capacity identification. Carefully selected fine but very grippy knurling complements the freely rotating sleeves courtesy of 4 needle bearings. Elevate your lifting performance with this high-quality Olympic Barbell."
"RWBBOL01","portal","Introducing our premium Olympic Barbell - 15kg, built to support your strength training goals.

This 15kg high alloy steel Olympic barbell is the perfect solution for group fitness weightlifting movements. With an impressive 1500lb capacity, this barbell is designed to handle heavy loads. The knurled grip provides a secure hold, while the smooth spinning sleeves make plate changes seamless. Material: hardened chrome. Shaft: black zinc, 25mm diameter. Needle bearings: 4. Capacity: 1500lbs. Length: 2005mm. Black rubber band around 50mm sleeves with printed MasterKraft logo, and aluminium badge on ends for easy size/capacity identification. Carefully selected fine but very grippy knurling complements the freely rotating sleeves courtesy of 4 needle bearings. Elevate your lifting performance with this high-quality Olympic Barbell.

- High alloy 15kg steel bar
- Hardened chrome
- Needle bearings: 4
- Knurling finished in black phosphate
- Shaft: 25mm diameter
- Length: 2005mm"
"MWBBOL03","public","Introducing our premium Olympic Barbell - 15kg, built to support your strength training goals.

This 15kg high alloy steel Olympic barbell is the perfect solution for group fitness weightlifting movements. With an impressive 1500lb capacity, this barbell is designed to handle heavy loads. The knurled grip provides a secure hold, while the smooth spinning sleeves make plate changes seamless. Material: hardened chrome. Shaft: black zinc, 25mm diameter. Needle bearings: 4. Capacity: 1500lbs. Length: 2005mm. Black rubber band around 50mm sleeves with printed MasterKraft logo, and aluminium badge on ends for easy size/capacity identification. Carefully selected fine but very grippy knurling complements the freely rotating sleeves courtesy of 4 needle bearings. Elevate your lifting performance with this high-quality Olympic Barbell."
"SWBBOL03","portal","Introducing our premium Olympic Barbell - 15kg, built to support your strength training goals.

This 15kg high alloy steel Olympic barbell is the perfect solution for group fitness weightlifting movements. With an impressive 1500lb capacity, this barbell is designed to handle heavy loads. The knurled grip provides a secure hold, while the smooth spinning sleeves make plate changes seamless. Material: hardened chrome. Shaft: black zinc, 25mm diameter. Needle bearings: 4. Capacity: 1500lbs. Length: 2005mm. Black rubber band around 50mm sleeves with printed MasterKraft logo, and aluminium badge on ends for easy size/capacity identification. Carefully selected fine but very grippy knurling complements the freely rotating sleeves courtesy of 4 needle bearings. Elevate your lifting performance with this high-quality Olympic Barbell."
"RWBBOL02","portal","Unleash your strength and power with our Olympic Barbell - 20kg, designed to withstand heavy lifting.

This 20kg high alloy steel Olympic barbell is the perfect solution for group fitness weightlifting movements. With an impressive 2000lb capacity, this barbell is designed to handle heavy loads. The knurled grip provides a secure hold, while the smooth spinning sleeves make plate changes seamless. Material: hardened chrome. Shaft: black zinc, 28mm diameter. Needle bearings: 8. Capacity: 2000lbs. Length: 2200mm. Black rubber band around 50mm sleeves with printed MasterKraft logo, and aluminium badge on ends for easy size/capacity identification. Carefully selected fine but very grippy knurling complements the freely rotating sleeves courtesy of 8 needle bearings. Elevate your lifting performance with this high-quality Olympic Barbell.

- High alloy 20kg steel bar
- Hardened chrome
- Needle bearings: 8
- Knurling finished in black phosphate
- Shaft: 28mm diameter
- Length: 2200mm"
"MWBBOL04","public","Unleash your strength and power with our Olympic Barbell - 20kg, designed to withstand heavy lifting.

This 20kg high alloy steel Olympic barbell is the perfect solution for group fitness weightlifting movements. With an impressive 2000lb capacity, this barbell is designed to handle heavy loads. The knurled grip provides a secure hold, while the smooth spinning sleeves make plate changes seamless. Material: hardened chrome. Shaft: black zinc, 28mm diameter. Needle bearings: 8. Capacity: 2000lbs. Length: 2200mm. Black rubber band around 50mm sleeves with printed MasterKraft logo, and aluminium badge on ends for easy size/capacity identification. Carefully selected fine but very grippy knurling complements the freely rotating sleeves courtesy of 8 needle bearings. Elevate your lifting performance with this high-quality Olympic Barbell."
"SWBBOL04","portal","Unleash your strength and power with our Olympic Barbell - 20kg, designed to withstand heavy lifting.

This 20kg high alloy steel Olympic barbell is the perfect solution for group fitness weightlifting movements. With an impressive 2000lb capacity, this barbell is designed to handle heavy loads. The knurled grip provides a secure hold, while the smooth spinning sleeves make plate changes seamless. Material: hardened chrome. Shaft: black zinc, 28mm diameter. Needle bearings: 8. Capacity: 2000lbs. Length: 2200mm. Black rubber band around 50mm sleeves with printed MasterKraft logo, and aluminium badge on ends for easy size/capacity identification. Carefully selected fine but very grippy knurling complements the freely rotating sleeves courtesy of 8 needle bearings. Elevate your lifting performance with this high-quality Olympic Barbell."
"MWBBOL02","public","Unleash your inner athlete with our Olympic Barbell - 7ft Chrome, designed to withstand rigorous weightlifting sessions.

This 20kg 7ft Olympic barbell is the perfect solution to master your technique in a gym, studio, or home setup. This barbell is not designed for Olympic lifting or to be dropped during use. With a 1000lb capacity, this multipurpose barbell is designed to handle heavy loads. The knurled grip provides a secure hold, while the controlled rotation provides a un1que feel and firm grip."
"SWBBOL02","portal","Unleash your inner athlete with our Olympic Barbell - 7ft Chrome, designed to withstand rigorous weightlifting sessions.

This 20kg 7ft Olympic barbell is the perfect solution to master your technique in a gym, studio, or home setup. This barbell is not designed for Olympic lifting or to be dropped during use. With a 1000lb capacity, this multipurpose barbell is designed to handle heavy loads. The knurled grip provides a secure hold, while the controlled rotation provides a un1que feel and firm grip."
"MWBBOL01","public","Introducing our Olympic EZ Curl Bar, a must-have for bicep and tricep workouts.

This specialised barbell is ergonomically designed with a unique angled shape to reduce strain on your wrists and elbows. Made from high-quality steel with a durable chrome finish, it ensures long-lasting performance. Enhance your arm workouts with this versatile and comfortable curl bar."
"SWBBOL01","portal","Introducing our Olympic EZ Curl Bar, a must-have for bicep and tricep workouts.

This specialised barbell is ergonomically designed with a unique angled shape to reduce strain on your wrists and elbows. Made from high-quality steel with a durable chrome finish, it ensures long-lasting performance. Enhance your arm workouts with this versatile and comfortable curl bar."
"MWBBOL05","public","Experience the power and precision of our Olympic Hex Deadlift Barbell with 350mm loadable sleeves.

Designed specifically for deadlifts, this robust barbell features a hexagonal shape to prevent rolling and optimise stability. The diamond shaped Olympic trap bar effectively loads the weight around you and provides a more natural hand position for shoulder shrugs and deadlifts. Carefully selected fine but very grippy knurling. With 350mm loadable sleeves, you can customise your weight for progressive strength training. Shaft diameter: 28mm. Sleeve diameter: 50.1mm. Sleeve length: Extended 350mm plate loading for heavier lifting. Distance between handles: 650mm. Distance from front to back handles: 565mm. Total length: 163cm. Capacity: 400kgs. Weight: 21.5kgs. Elevate your deadlifts with this specialised barbell built for performance and durability."
"MWBBOL06","public","Introducing our Olympic Hex Deadlift Barbell with 400mm loadable sleeves, designed to take your deadlifts to the next level.

Crafted for optimal performance, this barbell features a hexagonal shape for enhanced stability and control. With 400mm loadable sleeves, you can add or remove weight plates to customize your workout intensity. Designed specifically for deadlifts, shrugs and squats, this robust barbell features a hexagonal shape to prevent rolling and optimise stability. The diamond shaped Olympic trap bar effectively loads the weight around you and provides a more natural hand position for shoulder shrugs and deadlifts. Carefully selected fine but very grippy knurling. With 400mm loadable sleeves, you can customise your weight for progressive strength training. Shaft diameter: 28mm. Sleeve diameter: 50.1mm. Sleeve length: Extended 400mm plate loading for heavier lifting. Total length: 163cm. Capacity: 400kgs. Weight: 21.5kgs. Unleash your strength and conquer your deadlift goals with this durable and versatile barbell."
"SWBBOL06","portal","Introducing our Olympic Hex Deadlift Barbell with 400mm loadable sleeves, designed to take your deadlifts to the next level.

Crafted for optimal performance, this barbell features a hexagonal shape for enhanced stability and control. With 400mm loadable sleeves, you can add or remove weight plates to customize your workout intensity. Designed specifically for deadlifts, shrugs and squats, this robust barbell features a hexagonal shape to prevent rolling and optimise stability. The diamond shaped Olympic trap bar effectively loads the weight around you and provides a more natural hand position for shoulder shrugs and deadlifts. Carefully selected fine but very grippy knurling. With 400mm loadable sleeves, you can customise your weight for progressive strength training. Shaft diameter: 28mm. Sleeve diameter: 50.1mm. Sleeve length: Extended 400mm plate loading for heavier lifting. Total length: 163cm. Capacity: 400kgs. Weight: 21.5kgs. Unleash your strength and conquer your deadlift goals with this durable and versatile barbell."
"SEFROP01","portal","Experience unparalleled flexibility in your gym setup with our Portable Olympic Plate Toaster Rack. Designed for seamless manoeuvrability, this rack allows you to effortlessly position it anywhere within your gym space.

Another unique MasterKraft designed product is this portable bumper plate tree. An ideal solution to easily move plates around your studio. The rack has commercial grade wheels on the base allowing a free pivoting motion with a lockable option. Storage option: 8/5kg, 8/10kg, 6/15kg, 6/20kg & 4/25kg bumper plates, plus two Olympic barbells & accessories on the rack base i.e. barbell collars. Material: high gauge steel. Depth: 63cm. Width: 61.5cm. Height: 1.37m.Â Sleeve length: 265mm. Pole diameter: 45mm."
"MEFROP01","public","Experience unparalleled flexibility in your gym setup with our Portable Olympic Plate Toaster Rack. Designed for seamless manoeuvrability, this rack allows you to effortlessly position it anywhere within your gym space.

Another unique MasterKraft designed product is this portable bumper plate tree. An ideal solution to easily move plates around your studio. The rack has commercial grade wheels on the base allowing a free pivoting motion with a lockable option. Storage option: 8/5kg, 8/10kg, 6/15kg, 6/20kg & 4/25kg bumper plates, plus two Olympic barbells & accessories on the rack base i.e. barbell collars. Material: high gauge steel. Depth: 63cm. Width: 61.5cm. Height: 1.37m.Â Sleeve length: 265mm. Pole diameter: 45mm."
"SRSPFW01","portal","Experience the ultimate strength training with our Olympic Power Rack 1.0.

Engineered to withstand intense workouts, this robust and versatile rack offers a solid foundation for squats, bench presses, and a range of exercises. With its adjustable J-hooks and safety spotter arms, it ensures maximum safety and efficiency, making it a must-have for any serious fitness enthusiast.

- This entry-level commercial rack provides a basic framework for exercises like squats and bench presses, with adjustable J-hooks and safety bars.
- Dip attachment
- Laser cut steel robotic welding for perfect finish and strength
- Heavy duty 11 gauge steel (2.75mm)"
"MRSPFW01","public","Experience the ultimate strength training with our Olympic Power Rack 1.0.

Engineered to withstand intense workouts, this robust and versatile rack offers a solid foundation for squats, bench presses, and a range of exercises. With its adjustable J-hooks and safety spotter arms, it ensures maximum safety and efficiency, making it a must-have for any serious fitness enthusiast.

- This entry-level commercial rack provides a basic framework for exercises like squats and bench presses, with adjustable J-hooks and safety bars.
- Dip attachment
- Laser cut steel robotic welding for perfect finish and strength
- Heavy duty 11 gauge steel (2.75mm)"
"MRSPFW02","public","Unleash your strength training potential with our Olympic Power Rack 2.0.

This robust and versatile rack provides a solid framework for squats, bench presses, and various barbell exercises. With adjustable safety bars and J-hooks, it offers optimal customisation and safety. Elevate your weightlifting game with this durable and reliable power rack."
"SRSPFW03","portal","Maximise your gym space with our Olympic Power Rack 2.0 Weight Plate Storage Rack.

This efficient storage solution keeps your weight plates organised and easily accessible. Designed specifically for the Olympic Power Rack 2.0, it securely holds your plates, saving you valuable floor space. Streamline your gym setup and keep your weight plates within reach with this sturdy storage rack.

- 8 stainless steel storage poles for Olympic and bumper plates
- Rubber feet for floor protection"
"MRSPFW03","public","Maximise your gym space with our Olympic Power Rack 2.0 Weight Plate Storage Rack.

This efficient storage solution keeps your weight plates organised and easily accessible. Designed specifically for the Olympic Power Rack 2.0, it securely holds your plates, saving you valuable floor space. Streamline your gym setup and keep your weight plates within reach with this sturdy storage rack.

- 8 stainless steel storage poles for Olympic and bumper plates
- Rubber feet for floor protection"
"SRSPFW04","portal","Unleash your strength training potential with our Olympic Power Rack 3.0.

This heavy-duty rack provides a solid foundation for a wide range of exercises, including squats, bench presses, and pull-ups. The sturdy steel construction ensures durability and stability, while the adjustable J-hooks and safety bars allow for customisable positioning. With its compact footprint and versatile features, this power rack is a must-have for any serious weight lifter or home gym enthusiast."
"MRSPFW04","public","Unleash your strength training potential with our Olympic Power Rack 3.0.

This heavy-duty rack provides a solid foundation for a wide range of exercises, including squats, bench presses, and pull-ups. The sturdy steel construction ensures durability and stability, while the adjustable J-hooks and safety bars allow for customisable positioning. With its compact footprint and versatile features, this power rack is a must-have for any serious weight lifter or home gym enthusiast."
"MRSPFW05","public","Experience the pinnacle of strength training with our Olympic Power Rack 4.0.

This robust and versatile rack is engineered with heavy-duty steel construction, providing unparalleled stability and durability. It features adjustable J-Hooks, spotting arms, and safety bars to accommodate users of all heights and skill levels. The spacious design allows for a wide range of exercises, making it an essential centerpiece for any home or commercial gym. Take your workouts to new heights with the Olympic Power Rack 4.0 and unlock your full potential."
"SWBBOL08","portal","Introducing our Olympic Rickshaw Barbell with 250mm loadable sleeves, the perfect training tool for building leg strength and explosiveness.

The unique design allows for a variety of exercises, including deadlifts, shrugs, and lunges, with an emphasis on the lower body. The 250mm sleeves offer ample space for weight plates, making it ideal for heavy lifts. Get ready to take your leg training to the next level with this professional-grade barbell.

- Open, step through design
- Capacity: 340kgs
- Loadable sleeve length: 250mm
- Sleeve diameter: 50mm"
"MWBBOL08","public","Introducing our Olympic Rickshaw Barbell with 250mm loadable sleeves, the perfect training tool for building leg strength and explosiveness.

The unique design allows for a variety of exercises, including deadlifts, shrugs, and lunges, with an emphasis on the lower body. The 250mm sleeves offer ample space for weight plates, making it ideal for heavy lifts. Get ready to take your leg training to the next level with this professional-grade barbell.

- Open, step through design
- Capacity: 340kgs
- Loadable sleeve length: 250mm
- Sleeve diameter: 50mm"
"SWBBOL07","portal","Introducing our Olympic Safety Squat Bar with an impressive 1500lb capacity.

This specialized barbell is designed to enhance your squatting technique while providing maximum safety and comfort. The ergonomic design and padded shoulder support reduce strain on the shoulders and wrists. Elevate your squat game with this heavy-duty and reliable safety squat bar.

- Chrome finish
- 3 foam pads for additional comfort
- Loadable sleeve length: 350mm
- Sleeve diameter: 50mm"
"MWBBOL07","public","Introducing our Olympic Safety Squat Bar with an impressive 1500lb capacity.

This specialized barbell is designed to enhance your squatting technique while providing maximum safety and comfort. The ergonomic design and padded shoulder support reduce strain on the shoulders and wrists. Elevate your squat game with this heavy-duty and reliable safety squat bar.

- Chrome finish
- 3 foam pads for additional comfort
- Loadable sleeve length: 350mm
- Sleeve diameter: 50mm"
"SWBBOL09","portal","Introducing our Olympic Swiss Barbell - 20kg, the ultimate tool for varied and effective strength training.

This uniquely designed barbell features multiple grip positions, allowing for versatile exercises targeting different muscle groups. Crafted for durability and performance, it is perfect for athletes and fitness enthusiasts seeking a challenging and dynamic workout experience.

- Ideal for presses and rows
- 8 handles for 4 grip positions
- Chrome finish
- Loadable sleeve length: 350mm
- Sleeve diameter: 50mm"
"MWBBOL09","public","Introducing our Olympic Swiss Barbell - 20kg, the ultimate tool for varied and effective strength training.

This uniquely designed barbell features multiple grip positions, allowing for versatile exercises targeting different muscle groups. Crafted for durability and performance, it is perfect for athletes and fitness enthusiasts seeking a challenging and dynamic workout experience.

- Ideal for presses and rows
- 8 handles for 4 grip positions
- Chrome finish
- Loadable sleeve length: 350mm
- Sleeve diameter: 50mm"
"REFROP01","portal","Introducing our Olympic Weight Plate Tree with 6 Storage Pins - the ultimate solution for tidying up your gym and streamlining your workouts. Crafted with durability and convenience in mind, this weight plate tree offers six dedicated pins to neatly organise your Olympic weight plates.

With its sturdy design, it ensures stability, even when fully loaded. It's a space-saving addition that keeps your workout area organised and efficient. Easy to assemble and built to last, it's a must-have for fitness enthusiasts and professionals alike. Declutter your gym space and elevate your weightlifting experience with our Olympic Weight Plate Tree, order yours today!

- 6 hardened chrome storage poles hold Olympic weight plates and change plates
- Heavy duty to hold as much weight as you can load
- Minimal footprint storing weight plates vertically
- Black powder coating finish"
"SEFROP03","portal","Introducing our Olympic Weight Plate Tree with 8 Storage Pins – the ultimate solution for tidying up your gym and streamlining your workouts. Crafted with durability and convenience in mind, this weight plate tree offers eight dedicated pins to neatly organise your Olympic weight plates.

With its sturdy design, it ensures stability, even when fully loaded. It's a space-saving addition that keeps your workout area organised and efficient. Easy to assemble and built to last, it's a must-have for fitness enthusiasts and professionals alike. Declutter your gym space and elevate your weightlifting experience with our Olympic Weight Plate Tree – order yours today!

- 8 hardened chrome storage poles hold Olympic weight plates and change plates
- Heavy duty to hold as much weight as you can load
- Minimal footprint storing weight plates vertically
- Black powder coating finish"
"MEFROP03","public","Introducing our Olympic Weight Plate Tree with 8 Storage Pins – the ultimate solution for tidying up your gym and streamlining your workouts. Crafted with durability and convenience in mind, this weight plate tree offers eight dedicated pins to neatly organise your Olympic weight plates.

With its sturdy design, it ensures stability, even when fully loaded. It's a space-saving addition that keeps your workout area organised and efficient. Easy to assemble and built to last, it's a must-have for fitness enthusiasts and professionals alike. Declutter your gym space and elevate your weightlifting experience with our Olympic Weight Plate Tree – order yours today!

- 8 hardened chrome storage poles hold Olympic weight plates and change plates
- Heavy duty to hold as much weight as you can load
- Minimal footprint storing weight plates vertically
- Black powder coating finish"
"SEFROP02","portal","Introducing our Olympic Weight Plate Tree Portable, the ultimate storage solution for your Olympic weight plates and bars. This versatile rack features 6 storage pins to securely hold your weight plates, while the 2 bar storage slots keep your bars safely stored and easily accessible.

The portable design allows you to easily move and reposition the rack as needed. With its sturdy construction and compact size, this weight plate tree is perfect for home gyms, fitness studios, and commercial facilities. Keep your weight plates and bars organised and ready for your next workout with this convenient storage solution.

- 6 hardened chrome storage poles hold Olympic weight plates and change plates
- Heavy duty to hold as much weight as you can load
- Minimal footprint storing weight plates vertically
- Heavy duty large castor wheels to allow relocation fully loaded
- Black powder coating finish"
"MEFROP02","public","Introducing our Olympic Weight Plate Tree Portable, the ultimate storage solution for your Olympic weight plates and bars. This versatile rack features 6 storage pins to securely hold your weight plates, while the 2 bar storage slots keep your bars safely stored and easily accessible.

The portable design allows you to easily move and reposition the rack as needed. With its sturdy construction and compact size, this weight plate tree is perfect for home gyms, fitness studios, and commercial facilities. Keep your weight plates and bars organised and ready for your next workout with this convenient storage solution.

- 6 hardened chrome storage poles hold Olympic weight plates and change plates
- Heavy duty to hold as much weight as you can load
- Minimal footprint storing weight plates vertically
- Heavy duty large castor wheels to allow relocation fully loaded
- Black powder coating finish"
"SEFROP04","portal","Introducing our Olympic Weight Plate Tree Vertical with 6 storage pins, an essential storage solution for your Olympic weight plates.

This vertical rack offers a compact and space-saving design, allowing you to keep your weight plates organised and easily accessible. The sturdy construction and durable materials ensure stability and longevity. With 6 storage pins, you can neatly store and display your weight plates, making it a practical addition to any gym or home workout space. Keep your weight plates within reach and maximise your training efficiency with this vertical weight plate tree.

- Made with thick plate welded steel reinforced frame
- Vertical sleek design
- 6 storage poles with chrome finish
- Branded front and back boards
- Compact, space saving design"
"MEFROP04","public","Introducing our Olympic Weight Plate Tree Vertical with 6 storage pins, an essential storage solution for your Olympic weight plates.

This vertical rack offers a compact and space-saving design, allowing you to keep your weight plates organised and easily accessible. The sturdy construction and durable materials ensure stability and longevity. With 6 storage pins, you can neatly store and display your weight plates, making it a practical addition to any gym or home workout space. Keep your weight plates within reach and maximise your training efficiency with this vertical weight plate tree.

- Made with thick plate welded steel reinforced frame
- Vertical sleek design
- 6 storage poles with chrome finish
- Branded front and back boards
- Compact, space saving design"
"MBGYSL01","public","Take your bodyweight training to new heights with our Steel Parallettes - 275mm (Pair). Crafted with sturdy steel construction, these parallettes provide optimal stability and support for various exercises.

The 275mm height is perfect for dips, push-ups, L-sits, V-sits, handstands and more. The non-slip rubber feet ensure secure placement during intense workouts. Portable and versatile, these parallettes are essential for building upper body strength and enhancing your fitness routine. Ideal for home gyms and fitness enthusiasts of all levels.

- Portable and versatile to train anywhere
- Wide base for stability
- 330kk load rating
- Sold in pairs"
"SBGYSL01","portal","Take your bodyweight training to new heights with our Steel Parallettes - 275mm (Pair). Crafted with sturdy steel construction, these parallettes provide optimal stability and support for various exercises.

The 275mm height is perfect for dips, push-ups, L-sits, V-sits, handstands and more. The non-slip rubber feet ensure secure placement during intense workouts. Portable and versatile, these parallettes are essential for building upper body strength and enhancing your fitness routine. Ideal for home gyms and fitness enthusiasts of all levels.

- Portable and versatile to train anywhere
- Wide base for stability
- 330kk load rating
- Sold in pairs"
"MBPBMS01","public","Intensify your plyometric training with our Plyometric Box Set of 4 (Steel), offering versatility for various exercises and skill levels.

The strongest plyometric boxes on the market and fundamental in any functional training environment. The Masterkraft Plyo Set comes with 4 independent boxes at varying heights, that stack inside each other to save space. Each plyometric box is made from 25mm square, 2mm thick powder coated steel. The top landing surface is 5mm thick rubber which is glued onto an 18mm solid timber platform. If this wasn't enough, we decided to step things up a notch and reinforce the top frame with 3mm thick steel plate with additional steel support through the middle. All screws are covered with strong adhesive to ensure that they do not loosen. Even the rubber feet are pop riveted into the frame unlike most that are just glued on. We have gone above and beyond to ensure that this is one of the most heavy-duty Plyometric Box Sets on the market today. You can be sure that each and every time you jump onto the non-slip rubber surface you are doing so without fear of equipment failure. Take your athletic performance to new heights with this premium plyometric box set."
"SBPBMS01","portal","Intensify your plyometric training with our Plyometric Box Set of 4 (Steel), offering versatility for various exercises and skill levels.

The strongest plyometric boxes on the market and fundamental in any functional training environment. The Masterkraft Plyo Set comes with 4 independent boxes at varying heights, that stack inside each other to save space. Each plyometric box is made from 25mm square, 2mm thick powder coated steel. The top landing surface is 5mm thick rubber which is glued onto an 18mm solid timber platform. If this wasn't enough, we decided to step things up a notch and reinforce the top frame with 3mm thick steel plate with additional steel support through the middle. All screws are covered with strong adhesive to ensure that they do not loosen. Even the rubber feet are pop riveted into the frame unlike most that are just glued on. We have gone above and beyond to ensure that this is one of the most heavy-duty Plyometric Box Sets on the market today. You can be sure that each and every time you jump onto the non-slip rubber surface you are doing so without fear of equipment failure. Take your athletic performance to new heights with this premium plyometric box set."
"ABPBSB04","public","The high-density non-memory closed cell foam provides the perfect balance of firmness and cushioning, reducing the risk of injury during explosive movements. Velcro edges ensure stability when stacked, allowing you to customize the height for various plyometric exercises.

Two convenient handles make it easy to position and transport the plyo box, ensuring it's ready for action wherever you choose to work out. Whether you're performing box jumps, burpees, or other dynamic movements, our Foam Plyometric Box - 12"" is an essential tool to enhance your power, agility, and overall fitness.

- Durable hard-wearing vinyl cover
- High density non-memory closed cell foam
- Velcro edges for stability when stacked
- Two handles for easy positioning"
"MMPA4BG01","public","Take your strength and conditioning workouts to the next level with the Power Bag Pack. These versatile training tools are designed to challenge your muscles and improve your functional fitness.

The durable and reinforced construction ensures long-lasting performance, while the comfortable handles provide a secure grip during exercises. Whether you're performing explosive movements, strength training, or conditioning exercises, these power bags are perfect for enhancing your power, strength, and overall fitness. Elevate your training with the versatile Power Bag Pack.

- 10 handles offering multiple grip positions to cover many exercises
- Heavy duty vinyl casing, double nylon stitching
- Load shifts during use to provide more instability
- Inner bags of sand sealed to prevent leakage
- Ribbed hardened plastic handles aid grip
- Combining black with a bright coloured straps for easy weight identification"
"MBRPPO01","public","Boost your strength and take your workouts to new heights with our Power Bands (Pack of 4). These versatile resistance bands provide a wide range of resistance levels to suit all fitness levels.

One of the best resistance training tools available. Made from high-quality latex material, these bands provide excellent elasticity and durability. Benefits include: increased strength and lean muscle, enhanced balance and stability. Use to stretch, as a spotter or for assists, increase weight loads, to reinforce correct movement patterns, and increase strength and stability. From beginners to advanced fitness enthusiasts, our Power Bands offer a wide range of resistance options to challenge and support your fitness journey.

- Material: pure 100% latex rubber
- Sizes: 1040 (long) x 4.5mm (thick)
- Widths: Orange (35-70lbs) 22mm, Red (45-100lbs) 32mm, Blue (50-120lbs) 45mm, Purple (60-150lbs) 64mm
- Pack of 4- 1/22mm, 1/32mm, 1/45mm, 1/64mm"
"SBRPPO01","portal","Boost your strength and take your workouts to new heights with our Power Bands (Pack of 4). These versatile resistance bands provide a wide range of resistance levels to suit all fitness levels.

One of the best resistance training tools available. Made from high-quality latex material, these bands provide excellent elasticity and durability. Benefits include: increased strength and lean muscle, enhanced balance and stability. Use to stretch, as a spotter or for assists, increase weight loads, to reinforce correct movement patterns, and increase strength and stability. From beginners to advanced fitness enthusiasts, our Power Bands offer a wide range of resistance options to challenge and support your fitness journey.

- Material: pure 100% latex rubber
- Sizes: 1040 (long) x 4.5mm (thick)
- Widths: Orange (35-70lbs) 22mm, Red (45-100lbs) 32mm, Blue (50-120lbs) 45mm, Purple (60-150lbs) 64mm
- Pack of 4- 1/22mm, 1/32mm, 1/45mm, 1/64mm"
"MBRPPO02","public","Take your strength and resistance training to the next level with our Power Bands (Pack of 8). This versatile set includes eight different levels of resistance, allowing you to customize your workouts and target specific muscle groups.

One of the best resistance training tools available. Made from high-quality latex material, these bands provide excellent elasticity and durability. Benefits include: increased strength and lean muscle, enhanced balance and stability. Use to stretch, as a spotter or for assists, increase weight loads, to reinforce correct movement patterns, and increase strength and stability. From beginners to advanced fitness enthusiasts, our Power Bands offer a wide range of resistance options to challenge and support your fitness journey."
"SBRPPO02","portal","Take your strength and resistance training to the next level with our Power Bands (Pack of 8). This versatile set includes eight different levels of resistance, allowing you to customize your workouts and target specific muscle groups.

One of the best resistance training tools available. Made from high-quality latex material, these bands provide excellent elasticity and durability. Benefits include: increased strength and lean muscle, enhanced balance and stability. Use to stretch, as a spotter or for assists, increase weight loads, to reinforce correct movement patterns, and increase strength and stability. From beginners to advanced fitness enthusiasts, our Power Bands offer a wide range of resistance options to challenge and support your fitness journey."
"MMSLSD01","public","Take your strength, power, endurance and cardiovascular capacity to the next level with our Push & Pull Sled.

Built to withstand intense training sessions, this versatile sled allows for pushing and pulling exercises on various surfaces. Offering a sturdy and symmetrical design, MasterKraft sleds are perfect for building power, speed, and overall athleticism. Four pole ‘H’ design allows you to maintain an upright or bent over position. Attachment points on both sides for use with harnesses and carabiners. Unleash your potential with this essential training tool."
"SMSLSD01","portal","Take your strength, power, endurance and cardiovascular capacity to the next level with our Push & Pull Sled.

Built to withstand intense training sessions, this versatile sled allows for pushing and pulling exercises on various surfaces. Offering a sturdy and symmetrical design, MasterKraft sleds are perfect for building power, speed, and overall athleticism. Four pole ‘H’ design allows you to maintain an upright or bent over position. Attachment points on both sides for use with harnesses and carabiners. Unleash your potential with this essential training tool."
"SERK153001","portal","Custom made wall-mounted hanging rack for REVL exercise apparel.

Hang all of your REVL apparel neatly to encourage members to wear and promote the REVL brand.

- Wall mounted
- Horizontal top frame to hang apparel
- Flat shelf to sit accessories"
"RERK153001","portal","Custom made wall-mounted hanging rack for REVL exercise apparel.

Hang all of your REVL apparel neatly to encourage members to wear and promote the REVL brand.

- Wall mounted
- Horizontal top frame to hang apparel
- Flat shelf to sit accessories"
"RLLE2502","portal","Please Note: A standard REVL Studio generally requires 4x REVL LED Dimmers. 

Control the brightness of LED (Light Emitting Diode) lights with dimmers.

These dimmers can be standalone units installed in electrical circuits or integrated into lighting fixtures, lamps, or smart home systems.

- Dimmable- 0-10v"
"RLLE2501","portal","Please Note: A standard REVL Studio generally requires 16x REVL Linear LED Lighting System – 2.4m. 

The REVL linear LED lighting system specifically for gyms consists of an extruded beam profile fitted with high quality LED light source components.

Customised lengths, variable power options, customised control gear solutions and dimming options are all available by request.

- Input voltage- 220-240VAC
- Watts per linear metre- 33
- Surface mounted or wire suspended
- IP protection rating- IP20
- Profile dimensions- 75 x 75mm
- Lengths- 2.39m, continuous/linkable
- Power- 80w
- Construction material- extruded aluminium alloy
- Flicker free
- Certified- CE, ROHS, TUV, SAA"
"MRCTATT01","public","The MasterKraft Core Trainer (Landmine) can become one of the most dynamic tools in your arsenal. Compatible with most Olympic barbells and ideally suited for rotational training exercises.

Combine with an Olympic barbell and rig upright, the MasterKraft Core Trainer (Landmine) will help build core rotational stability and power through a greater range of motion. This versatile accessory enables a broad range of angled barbell training exercises including landmine presses, rows, cleans, deadlifts, and Russian twist. Develop explosive full body strength and mid-section strength with this underrated training tool.

- Easily attach to any MasterKraft rig or cell
- Smooth pivoting 7-gauge steel
- Adjustable in height from the floor to overhead
- Weight capacity 150kgs"
"SRCTATT01","portal","The MasterKraft Core Trainer (Landmine) can become one of the most dynamic tools in your arsenal. Compatible with most Olympic barbells and ideally suited for rotational training exercises.

Combine with an Olympic barbell and rig upright, the MasterKraft Core Trainer (Landmine) will help build core rotational stability and power through a greater range of motion. This versatile accessory enables a broad range of angled barbell training exercises including landmine presses, rows, cleans, deadlifts, and Russian twist. Develop explosive full body strength and mid-section strength with this underrated training tool.

- Easily attach to any MasterKraft rig or cell
- Smooth pivoting 7-gauge steel
- Adjustable in height from the floor to overhead
- Weight capacity 150kgs"
"RBCTFS01","portal","The MasterKraft Core Trainer (Landmine) can become one of the most dynamic tools in your arsenal. Compatible with most Olympic barbells and ideally suited for rotational training exercises.

Combine with an Olympic barbell and rig upright, the MasterKraft Core Trainer (Landmine) will help build core rotational stability and power through a greater range of motion. This versatile accessory enables a broad range of angled barbell training exercises including landmine presses, rows, cleans, deadlifts, and Russian twist. Develop explosive full body strength and mid-section strength with this underrated training tool.

- Easily attach to any MasterKraft rig or cell
- Smooth pivoting 7-gauge steel
- Adjustable in height from the floor to overhead
- Weight capacity 150kgs"
"SRSPATT01","portal","Upgrade your gym setup with our Rig Crossbeam Single Pipe, measuring 1080mm in length. This robust and versatile crossbeam is designed to enhance the functionality of your rig, allowing you to perform a wide range of exercises and attachments.

Constructed with durable materials, it can handle the rigors of intense workouts, providing a secure and stable platform for various fitness routines. Whether you're attaching suspension trainers, resistance bands, or other accessories, this crossbeam offers the support and flexibility you need to diversify your workouts. Easy to install and compatible with most rig configurations, the Rig Crossbeam Single Pipe is a valuable addition to your fitness equipment collection. Elevate your training and unlock new exercise possibilities with this sturdy and dependable crossbeam.

- Compatible with the MasterKraft rig universal upright
- Ideal for chin ups
- Creates a bridge between cells
- Length: 1080mm
- Round 32mm steel tube with 10mm thick steel end plates
- Texturised matte black powder coat finish"
"MRSPATT01","public","Upgrade your gym setup with our Rig Crossbeam Single Pipe, measuring 1080mm in length. This robust and versatile crossbeam is designed to enhance the functionality of your rig, allowing you to perform a wide range of exercises and attachments.

Constructed with durable materials, it can handle the rigors of intense workouts, providing a secure and stable platform for various fitness routines. Whether you're attaching suspension trainers, resistance bands, or other accessories, this crossbeam offers the support and flexibility you need to diversify your workouts. Easy to install and compatible with most rig configurations, the Rig Crossbeam Single Pipe is a valuable addition to your fitness equipment collection. Elevate your training and unlock new exercise possibilities with this sturdy and dependable crossbeam.

- Compatible with the MasterKraft rig universal upright
- Ideal for chin ups
- Creates a bridge between cells
- Length: 1080mm
- Round 32mm steel tube with 10mm thick steel end plates
- Texturised matte black powder coat finish"
"SRSPATT02","portal","Enhance the versatility of your rig with our Rig Crossbeam Single Pipe, measuring a generous 1520mm in length. Crafted with durability and functionality in mind, this crossbeam is designed to expand your workout options and accommodate various exercise attachments.

Built from high-quality materials, this crossbeam offers exceptional stability and support during your workouts, ensuring a safe and secure fitness experience. Whether you're attaching suspension trainers, resistance bands, or other accessories, this crossbeam provides the space and flexibility you need for diverse training routines.

Easy to install and compatible with most rig setups, the Rig Crossbeam Single Pipe (1520mm) is an invaluable addition to your home or commercial gym. Elevate your training and unlock new exercise possibilities with this robust and dependable crossbeam today.

- Compatible with the MasterKraft rig universal upright
- Ideal for chin ups
- Creates a bridge between cells
- Length: 1080mm
- Round 32mm steel tube with 10mm thick steel end plates
- Texturised matte black powder coat finish"
"MRSPATT02","public","Enhance the versatility of your rig with our Rig Crossbeam Single Pipe, measuring a generous 1520mm in length. Crafted with durability and functionality in mind, this crossbeam is designed to expand your workout options and accommodate various exercise attachments.

Built from high-quality materials, this crossbeam offers exceptional stability and support during your workouts, ensuring a safe and secure fitness experience. Whether you're attaching suspension trainers, resistance bands, or other accessories, this crossbeam provides the space and flexibility you need for diverse training routines.

Easy to install and compatible with most rig setups, the Rig Crossbeam Single Pipe (1520mm) is an invaluable addition to your home or commercial gym. Elevate your training and unlock new exercise possibilities with this robust and dependable crossbeam today.

- Compatible with the MasterKraft rig universal upright
- Ideal for chin ups
- Creates a bridge between cells
- Length: 1080mm
- Round 32mm steel tube with 10mm thick steel end plates
- Texturised matte black powder coat finish"
"MRSPATT04","public","Maximise your rig's functionality with our Rig Dip Bar Attachment. Crafted for durability and performance, this dip bar attachment is designed to withstand rigorous workouts and provide a stable platform for your dips and leg raises.

With its easy attachment system, you can quickly add or remove the dip bars from your rig, allowing you to customize your workout routine on the fly. The ergonomic design ensures a comfortable and secure grip during your exercises, while the sturdy construction guarantees long-lasting reliability. Whether you're targeting your chest, triceps, or core, the Rig Dip Bar Attachment is a valuable tool for bodyweight training. Elevate your fitness journey and achieve your goals with this essential attachment that expands your rig's exercise possibilities.

- Compatible with the MasterKraft rig universal upright
- Ideal for dips, knee raises
- High density poly ethylene protects from scratches
- No pins or removable parts
- Round steel handles are angled for varied grip widths
- Texturised matte black powder coat finish"
"RRSPATT04","portal","Maximise your rig's functionality with our Rig Dip Bar Attachment. Crafted for durability and performance, this dip bar attachment is designed to withstand rigorous workouts and provide a stable platform for your dips and leg raises.

With its easy attachment system, you can quickly add or remove the dip bars from your rig, allowing you to customize your workout routine on the fly. The ergonomic design ensures a comfortable and secure grip during your exercises, while the sturdy construction guarantees long-lasting reliability. Whether you're targeting your chest, triceps, or core, the Rig Dip Bar Attachment is a valuable tool for bodyweight training. Elevate your fitness journey and achieve your goals with this essential attachment that expands your rig's exercise possibilities.

- Compatible with the MasterKraft rig universal upright
- Ideal for dips, knee raises
- High density poly ethylene protects from scratches
- No pins or removable parts
- Round steel handles are angled for varied grip widths
- Texturised matte black powder coat finish"
"SRSPATT04","portal","Maximise your rig's functionality with our Rig Dip Bar Attachment. Crafted for durability and performance, this dip bar attachment is designed to withstand rigorous workouts and provide a stable platform for your dips and leg raises.

With its easy attachment system, you can quickly add or remove the dip bars from your rig, allowing you to customize your workout routine on the fly. The ergonomic design ensures a comfortable and secure grip during your exercises, while the sturdy construction guarantees long-lasting reliability. Whether you're targeting your chest, triceps, or core, the Rig Dip Bar Attachment is a valuable tool for bodyweight training. Elevate your fitness journey and achieve your goals with this essential attachment that expands your rig's exercise possibilities.

- Compatible with the MasterKraft rig universal upright
- Ideal for dips, knee raises
- High density poly ethylene protects from scratches
- No pins or removable parts
- Round steel handles are angled for varied grip widths
- Texturised matte black powder coat finish"
"MRSPATT05","public","Upgrade your rig with our Rig Premium J-Hooks, the ultimate accessory for safe and efficient weightlifting. Crafted with precision and durability in mind, these J-Hooks are designed to securely hold your barbell in place during squats, bench presses, and other compound exercises.

Constructed from heavy-duty steel, these J-Hooks are built to withstand the heaviest of weights while providing a smooth and silent lifting experience. The thick high density poly ethylene protects your barbell's knurling and ensures a snug fit, reducing the risk of damage. Easy to install and compatible with most rig configurations, our Rig Premium J-Hooks are a must-have for any serious weightlifter or powerlifter. Elevate your training, improve your safety, and achieve your lifting goals with these premium J-Hooks that offer both performance and peace of mind.

- Compatible with the MasterKraft rig universal upright
- Designed to catch your barbell easily
- High density poly ethylene protects from scratches
- No pins or removable parts
- Texturised matte black powder coat finish"
"RRSPATT05","portal","Upgrade your rig with our Rig Premium J-Hooks, the ultimate accessory for safe and efficient weightlifting. Crafted with precision and durability in mind, these J-Hooks are designed to securely hold your barbell in place during squats, bench presses, and other compound exercises.

Constructed from heavy-duty steel, these J-Hooks are built to withstand the heaviest of weights while providing a smooth and silent lifting experience. The thick high density poly ethylene protects your barbell's knurling and ensures a snug fit, reducing the risk of damage. Easy to install and compatible with most rig configurations, our Rig Premium J-Hooks are a must-have for any serious weightlifter or powerlifter. Elevate your training, improve your safety, and achieve your lifting goals with these premium J-Hooks that offer both performance and peace of mind.

- Compatible with the MasterKraft rig universal upright
- Designed to catch your barbell easily
- High density poly ethylene protects from scratches
- No pins or removable parts
- Texturised matte black powder coat finish"
"SRSPATT05","portal","Upgrade your rig with our Rig Premium J-Hooks, the ultimate accessory for safe and efficient weightlifting. Crafted with precision and durability in mind, these J-Hooks are designed to securely hold your barbell in place during squats, bench presses, and other compound exercises.

Constructed from heavy-duty steel, these J-Hooks are built to withstand the heaviest of weights while providing a smooth and silent lifting experience. The thick high density poly ethylene protects your barbell's knurling and ensures a snug fit, reducing the risk of damage. Easy to install and compatible with most rig configurations, our Rig Premium J-Hooks are a must-have for any serious weightlifter or powerlifter. Elevate your training, improve your safety, and achieve your lifting goals with these premium J-Hooks that offer both performance and peace of mind.

- Compatible with the MasterKraft rig universal upright
- Designed to catch your barbell easily
- High density poly ethylene protects from scratches
- No pins or removable parts
- Texturised matte black powder coat finish"
"MRWAATT01","public","Elevate your safety and confidence during heavy lifting sessions with our Rig Spotter Arms (Pair). These essential accessories for your rig provide a reliable safety net, ensuring you can push your limits without worry.

Crafted from heavy-duty steel, these spotter arms are built to withstand the toughest workouts and offer robust support during squats, bench presses, and other compound lifts. The thick  high density poly ethylene protects your barbell's knurling and minimizes the risk of equipment damage. Easy to install and compatible with most rig setups, our Rig Spotter Arms are versatile and dependable. Whether you're a powerlifter or a seasoned weightlifter, these spotter arms are a vital addition to your training arsenal. Train with confidence, prioritize safety, and reach your lifting goals with our Rig Spotter Arms (Pair) today.

- Compatible with the MasterKraft rig universal upright
- Designed to catch your barbell easily during heavy squats and presses
- High density poly ethylene protects your barbells from scratches
- No pins or removable parts
- Texturised matte black powder coat finish"
"SRWAATT01","portal","Elevate your safety and confidence during heavy lifting sessions with our Rig Spotter Arms (Pair). These essential accessories for your rig provide a reliable safety net, ensuring you can push your limits without worry.

Crafted from heavy-duty steel, these spotter arms are built to withstand the toughest workouts and offer robust support during squats, bench presses, and other compound lifts. The thick  high density poly ethylene protects your barbell's knurling and minimizes the risk of equipment damage. Easy to install and compatible with most rig setups, our Rig Spotter Arms are versatile and dependable. Whether you're a powerlifter or a seasoned weightlifter, these spotter arms are a vital addition to your training arsenal. Train with confidence, prioritize safety, and reach your lifting goals with our Rig Spotter Arms (Pair) today.

- Compatible with the MasterKraft rig universal upright
- Designed to catch your barbell easily during heavy squats and presses
- High density poly ethylene protects your barbells from scratches
- No pins or removable parts
- Texturised matte black powder coat finish"
"RRWAATT01","portal","Elevate your safety and confidence during heavy lifting sessions with our Rig Spotter Arms (Pair). These essential accessories for your rig provide a reliable safety net, ensuring you can push your limits without worry.

Crafted from heavy-duty steel, these spotter arms are built to withstand the toughest workouts and offer robust support during squats, bench presses, and other compound lifts. The thick  high density poly ethylene protects your barbell's knurling and minimizes the risk of equipment damage. Easy to install and compatible with most rig setups, our Rig Spotter Arms are versatile and dependable. Whether you're a powerlifter or a seasoned weightlifter, these spotter arms are a vital addition to your training arsenal. Train with confidence, prioritize safety, and reach your lifting goals with our Rig Spotter Arms (Pair) today.

- Compatible with the MasterKraft rig universal upright
- Designed to catch your barbell easily during heavy squats and presses
- High density poly ethylene protects your barbells from scratches
- No pins or removable parts
- Texturised matte black powder coat finish"
"SRSPATT03","portal","Introducing our Rig Universal Upright, a versatile and essential product to create cells. Crafted with durability and functionality in mind, this upright is designed to support various workout attachments and accessories, allowing you to customize your fitness routine.

Constructed from heavy-duty steel, it offers exceptional stability and strength with the addition of any number of attachments to withstand rigorous workouts and heavy loads. Its adaptable design makes it compatible with a wide range of rig configurations, providing flexibility to your training space.

Whether you're attaching pull-up bars, dip stations, or other workout essentials, the Rig Universal Upright ensures a secure and stable foundation for your exercises. Elevate your training and unlock new possibilities with this reliable and versatile gym accessory that caters to all your fitness needs.

- Compatible with all MasterKraft rig attachments
- Customise your rig/cell as required by selecting rig uprights, crossbeams and attachments
- 4 directional hole uprights
- Length: 2.4m, heavy gauge 65 x 65 x 4mm steel
- Texturised matte black powder coat finish"
"MRSPATT03","public","Introducing our Rig Universal Upright, a versatile and essential product to create cells. Crafted with durability and functionality in mind, this upright is designed to support various workout attachments and accessories, allowing you to customize your fitness routine.

Constructed from heavy-duty steel, it offers exceptional stability and strength with the addition of any number of attachments to withstand rigorous workouts and heavy loads. Its adaptable design makes it compatible with a wide range of rig configurations, providing flexibility to your training space.

Whether you're attaching pull-up bars, dip stations, or other workout essentials, the Rig Universal Upright ensures a secure and stable foundation for your exercises. Elevate your training and unlock new possibilities with this reliable and versatile gym accessory that caters to all your fitness needs.

- Compatible with all MasterKraft rig attachments
- Customise your rig/cell as required by selecting rig uprights, crossbeams and attachments
- 4 directional hole uprights
- Length: 2.4m, heavy gauge 65 x 65 x 4mm steel
- Texturised matte black powder coat finish"
"RRSPATT03","portal","Introducing our Rig Universal Upright, a versatile and essential product to create cells. Crafted with durability and functionality in mind, this upright is designed to support various workout attachments and accessories, allowing you to customize your fitness routine.

Constructed from heavy-duty steel, it offers exceptional stability and strength with the addition of any number of attachments to withstand rigorous workouts and heavy loads. Its adaptable design makes it compatible with a wide range of rig configurations, providing flexibility to your training space.



Whether you're attaching pull-up bars, dip stations, or other workout essentials, the Rig Universal Upright ensures a secure and stable foundation for your exercises. Elevate your training and unlock new possibilities with this reliable and versatile gym accessory that caters to all your fitness needs.

- Compatible with all MasterKraft rig attachments
- Customise your rig/cell as required by selecting rig uprights, crossbeams and attachments
- 4 directional hole uprights
- Length: 2.4m, heavy gauge 65 x 65 x 4mm steel
- Texturised matte black powder coat finish"
"SRSPATT06","portal","Take your wall ball workouts to the next level with our Rig Wall Ball Target. Crafted for accuracy and durability, this target is designed to help you refine your throws and improve your overall fitness performance.

Made from high-quality materials, this wall ball target is built to withstand the impact of repetitive throws, ensuring long-lasting use. Its precise design allows you to target specific areas for improved accuracy during your wall ball exercises. Easy to install and compatible with most rig setups, the Rig Wall Ball Target is a valuable addition to your rig/cell. Elevate your training and enhance your throwing skills with this essential accessory that adds a new dimension to your wall ball workouts.

- Compatible with the MasterKraft rig universal upright
- Improve your wall ball accuracy
- Texturised matte black powder coat finish"
"MRSPATT06","public","Take your wall ball workouts to the next level with our Rig Wall Ball Target. Crafted for accuracy and durability, this target is designed to help you refine your throws and improve your overall fitness performance.

Made from high-quality materials, this wall ball target is built to withstand the impact of repetitive throws, ensuring long-lasting use. Its precise design allows you to target specific areas for improved accuracy during your wall ball exercises. Easy to install and compatible with most rig setups, the Rig Wall Ball Target is a valuable addition to your rig/cell. Elevate your training and enhance your throwing skills with this essential accessory that adds a new dimension to your wall ball workouts.

- Compatible with the MasterKraft rig universal upright
- Improve your wall ball accuracy
- Texturised matte black powder coat finish"
"RRSPATT06","portal","Take your wall ball workouts to the next level with our Rig Wall Ball Target. Crafted for accuracy and durability, this target is designed to help you refine your throws and improve your overall fitness performance.

Made from high-quality materials, this wall ball target is built to withstand the impact of repetitive throws, ensuring long-lasting use. Its precise design allows you to target specific areas for improved accuracy during your wall ball exercises. Easy to install and compatible with most rig setups, the Rig Wall Ball Target is a valuable addition to your rig/cell. Elevate your training and enhance your throwing skills with this essential accessory that adds a new dimension to your wall ball workouts.

- Compatible with the MasterKraft rig universal upright
- Improve your wall ball accuracy
- Texturised matte black powder coat finish"
"MEWMACC02","public","Maximise your workout space with our Wall-Mounted Rope & Band Rack. This versatile and space-saving rack is designed to keep your exercise ropes, resistance bands, and accessories neatly organised and easily accessible.

12 storage pegs for bands and ropes to hang vertically. A great way to keep these items off the floor and untangled. Rack is easy to attached to your wall utilising two pre-drilled holes in back plate. Prongs are 20mm wide and 125mm long. Material: Steel."
"AEWMACC02","public","Maximise your workout space with our Wall-Mounted Rope & Band Rack. This versatile and space-saving rack is designed to keep your exercise ropes, resistance bands, and accessories neatly organised and easily accessible.

12 storage pegs for bands and ropes to hang vertically. A great way to keep these items off the floor and untangled. Rack is easy to attached to your wall utilising two pre-drilled holes in back plate. Prongs are 20mm wide and 125mm long. Material: Steel."
"SEWMACC02","portal","Maximise your workout space with our Wall-Mounted Rope & Band Rack. This versatile and space-saving rack is designed to keep your exercise ropes, resistance bands, and accessories neatly organised and easily accessible.

12 storage pegs for bands and ropes to hang vertically. A great way to keep these items off the floor and untangled. Rack is easy to attached to your wall utilising two pre-drilled holes in back plate. Prongs are 20mm wide and 125mm long. Material: Steel."
"MEWMACC01","public","Maximise your workout space with our Wall-Mounted Rope & Band Rack. This versatile and space-saving rack is designed to keep your exercise ropes, resistance bands, and accessories neatly organised and easily accessible.

8 storage pegs for bands and ropes to hang vertically. A great way to keep these items off the floor and untangled. Rack is easy to attached to your wall utilising two pre-drilled holes in back plate. Prongs are 20mm wide and 125mm long. Material: Steel."
"SEWMACC01","portal","Maximise your workout space with our Wall-Mounted Rope & Band Rack. This versatile and space-saving rack is designed to keep your exercise ropes, resistance bands, and accessories neatly organised and easily accessible.

8 storage pegs for bands and ropes to hang vertically. A great way to keep these items off the floor and untangled. Rack is easy to attached to your wall utilising two pre-drilled holes in back plate. Prongs are 20mm wide and 125mm long. Material: Steel."
"MBSALD01","public","No longer do you need to worry about constantly needing to reset your speed ladder... the solution is the Masterkraft Rubber Rollout Speed Ladder.

Conventional speed and agility ladders need to be fixed up after every few run throughs as your feet get caught on the rungs and throw it out of alignment. The rollout speed ladder from Masterkraft is a 'set and forget' model that you don't need to constantly adjust. Simply roll it out wherever you want to train and you're ready to go with a 5m speed ladder that sits flat on the ground without the risk of catching your feet. This premium speed and agility product is ideal for sporting clubs, gyms and individuals alike.

- Easy roll out design
- Lays flat
- Printed squares
- Material: Rubber
- Dimensions: 500cm (L) x 41cm (W)
- Thickness: 4mm"
"SBSALD01","portal","No longer do you need to worry about constantly needing to reset your speed ladder... the solution is the Masterkraft Rubber Rollout Speed Ladder.

Conventional speed and agility ladders need to be fixed up after every few run throughs as your feet get caught on the rungs and throw it out of alignment. The rollout speed ladder from Masterkraft is a 'set and forget' model that you don't need to constantly adjust. Simply roll it out wherever you want to train and you're ready to go with a 5m speed ladder that sits flat on the ground without the risk of catching your feet. This premium speed and agility product is ideal for sporting clubs, gyms and individuals alike.

- Easy roll out design
- Lays flat
- Printed squares
- Material: Rubber
- Dimensions: 500cm (L) x 41cm (W)
- Thickness: 4mm"
"MSCSSE01","public","Introducing our Selectorized Shoulder Press Machine, the ultimate fitness companion for sculpting strong and toned shoulders.

This innovative equipment offers adjustable weight resistance, ergonomic design, and smooth movement, ensuring a comfortable and effective workout. Designed with precision and comfort in mind, the user-friendly selectorised system allows you to easily adjust the weight and customise your workout, making it the perfect addition to any gym or home fitness space.

- The MasterKraft Elite Strength Line represents the absolute best quality full commercial rated strength pieces available on the market today
- Expert biomechanics ensure controlled, natural movement, providing an enjoyable experience for all users
- Articulating seats adjust at an angle to ensure optimum positioning and effectiveness for exercisers of all sizes
- Sleek design and quality materials combine for impressive aesthetics.
- Adjustment dials and knobs have a large diameter and are colour coded for easy use and recognition. Seats can also be adjusted with one-hand operation
- 220lb weights stack with 25mm machined cast weight plates"
"MCSTAR02","public","Elevate your skiing and cardio workouts with the Ski Trainer Elite, a dynamic exercise machine designed for superior performance. Offering a unique blend of air and magnetic resistance, this trainer provides 10 levels of air resistance along with 8 additional levels of magnetic resistance, ensuring a challenging and versatile workout.

The user-friendly battery-powered display allows you to effortlessly track and monitor various performance metrics, while the large HIIT console with Smart Connect technology keeps you engaged and connected during your workouts.

Built on a heavy 46.2 kg frame, this machine is both sturdy and durable, capable of withstanding your most intense training sessions. Stay connected and monitor your heart rate with ease, thanks to Bluetooth and Ant+ compatibility with chest belts.

The Ski Trainer Elite also features contoured, anti-slip handles with quick-release functionality for a comfortable and secure grip. Experience the future of skiing and cardio fitness with the Ski Trainer Elite, a game-changing addition to your home gym.

- Large HIIT console with Smart Connect technology
- Air resistance - 10 levels plus an additional 8 levels of magnetic resistance
- User friendly battery powered display tracks and displays various performance metrics
- Heavy 46.2 kg machine weight
- Connectivity: Bluetooth & Ant+
- Compatible with 5kHz chest belts, bluetooth chest belts, ANT+ chest belts"
"MCSTACC01","public","Maximise the versatility and convenience of your Ski Trainer with the Ski Trainer Floor Stand. This essential accessory allows you to set up your Ski Trainer anywhere in your home gym or workout space without the need for wall mounting.

The sturdy floor stand provides stability and security during your ski training sessions, making it an ideal solution for those without wall space or for those who prefer a freestanding setup.

Constructed with durability in mind, this floor stand ensures that your Ski Trainer stays securely in place, so you can focus on improving your skiing skills and cardiovascular fitness. Whether you're a beginner or a seasoned skier, the Ski Trainer Floor Stand is a must-have accessory to enhance your training experience and achieve your fitness goals.

- Anti-skid deck
- Caster wheels for mobility
- Compatible with our Ski Trainer Elite and Ski Trainer Pro"
"MCSTAR01","public","The Ski Trainer Pro is designed to simulate the motion of cross-country skiing, providing a full-body workout that engages the arms, core, and legs.

The Ski Trainer Pro simulates the double-pole technique used in cross-country skiing. Users stand on the floor, holding handles that resemble ski poles, and use a pulling motion to simulate the skiing movement.

The air resistance on the Ski Trainer can be adjusted from 1-10 levels to suit the user's fitness level and preferences. Users can increase or decrease the resistance to make the workout more challenging or easier. The Ski Trainer comes with a user-friendly display that provides real-time feedback on performance metrics such as distance, time, pace, calories burned, and power output. This allows users to track their progress and set goals. The Ski Trainer provides a comprehensive workout engaging the muscles in the arms, core, and legs, allowing for a variety of workouts, including interval training, endurance workouts, and HIIT (High-Intensity Interval Training). It's a great cardiovascular exercise that also helps improve strength and endurance.

- Air resistance - 10 levels
- User friendly battery powered display tracks and displays various performance metrics
- Programmable HIIT workouts
- Heavy 46.2 kg machine weight
- Connectivity: Bluetooth & Ant+ optional
- Compatible with 5kHz chest belts"
"MCSTACC02","public","Elevate your home workout experience with the Ski Trainer Wall Mount Bracket, an essential accessory for optimising your ski training setup. Crafted for durability and ease of installation, this sturdy wall mount bracket provides a secure and space-saving solution for your Ski Trainer.

By mounting your Ski Trainer to the wall, you can ensure stability and safety during your ski training sessions while freeing up valuable floor space in your home gym. This bracket is designed to accommodate the unique demands of ski training, making it an ideal addition for skiers of all skill levels.

Enhance your skiing skills and cardiovascular fitness with the Ski Trainer Wall Mount Bracket, a must-have accessory to create an efficient and effective workout space in the comfort of your own home.

- Compact and sturdy
- Compatible with our Ski Trainer Elite and Ski Trainer Pro"
"MMLBACC01","public","Elevate your home or gym workouts with our Slant Board, a versatile exercise equipment piece ideal for stretching, strength training, mobility, rehabilitation and improving flexibility. Crafted for durability and stability, the super strong plywood board provides a 20 degree incline angle.

Its non-slip surface ensures safety during use, and the compact design makes storage a breeze. Whether you're rehabilitating, toning, or strengthening, our Slant Board is perfect for all fitness levels and versatile enough for a wide range of exercises including calf raises, Jefferson curls, raised heel squats, and ankle stretching. Elevate your fitness game and invest in the Slant Board for a convenient and effective addition to your home or commercial gym.

- Compact, wide design
- Durable non-slip surface
- 4 angled supports underneath for added strength
- 20 degree angle ideal for building strength and improving mobility"
"SMLBACC01","portal","Elevate your home or gym workouts with our Slant Board, a versatile exercise equipment piece ideal for stretching, strength training, mobility, rehabilitation and improving flexibility. Crafted for durability and stability, the super strong plywood board provides a 20 degree incline angle.

Its non-slip surface ensures safety during use, and the compact design makes storage a breeze. Whether you're rehabilitating, toning, or strengthening, our Slant Board is perfect for all fitness levels and versatile enough for a wide range of exercises including calf raises, Jefferson curls, raised heel squats, and ankle stretching. Elevate your fitness game and invest in the Slant Board for a convenient and effective addition to your home or commercial gym.

- Compact, wide design
- Durable non-slip surface
- 4 angled supports underneath for added strength
- 20 degree angle ideal for building strength and improving mobility"
"MBSARO01","public","Elevate your cardio workouts with the Speed Rope (Elite), the ultimate tool for improving agility, speed, and endurance.

The Premium Wire Speed Rope is the fastest mover in the Masterkraft skipping rope range with quick action handles and a 10ft adjustable wire rope. With its lightweight design and precision ball bearings, this rope offers lightning-fast rotations and smooth, effortless jumps. The adjustable length ensures a perfect fit for all fitness levels. Warm up pre-workout, improve your footwork and burn calories fast. Get ready to step up your skipping game and achieve maximum results."
"SBSARO01","portal","Elevate your cardio workouts with the Speed Rope (Elite), the ultimate tool for improving agility, speed, and endurance.

The Premium Wire Speed Rope is the fastest mover in the Masterkraft skipping rope range with quick action handles and a 10ft adjustable wire rope. With its lightweight design and precision ball bearings, this rope offers lightning-fast rotations and smooth, effortless jumps. The adjustable length ensures a perfect fit for all fitness levels. Warm up pre-workout, improve your footwork and burn calories fast. Get ready to step up your skipping game and achieve maximum results."
"RWWLRR01","portal","Composed of solid rubber, the Squat Wedge Block is a reliable tool for enhancing your weight training. Its 16-degree incline provides excellent support for your joints and aids in proper balance, making it perfect for maximising muscle development.

• Strong rubber construction
• Elevates heels to an inclined position during squats
• Eases pressure on back and heels whilst adding emphasis to quad development
• Helps balance and concentration to improve squat technique
• Ideal for those with limited flexibility/range of motion difficulty
• Also suitable to assist in calf raises and other heel lift workouts
• Carry handle on end makes carrying and storage easier
• 16° incline
• Textured surface for additional grip."
"MBSADO02","public","These exercise station markers help individuals organize their workout routines and move through various exercises efficiently.

Follow a structured workout routine and efficiently navigate through different exercises, ensuring a well-rounded and effective workout. This pack of five numbered exercise station markers will assist your group and stream line transitions from one exercise station to the next creating a more dynamic session for the training group."
"SBSADO02","portal","These exercise station markers help individuals organize their workout routines and move through various exercises efficiently.

Follow a structured workout routine and efficiently navigate through different exercises, ensuring a well-rounded and effective workout. This pack of five numbered exercise station markers will assist your group and stream line transitions from one exercise station to the next creating a more dynamic session for the training group."
"ABSUTR01","public","Unleash the power of bodyweight training with our Suspension Trainer. Suspension training is a brilliant alternative to conventional weight training. By using body weight alone you can train all muscle groups without the need to carry multiple dumbbells, plates and barbells.

Designed for the high-use demands of health clubs and fitness studios. 1 1/2'' industrial-grade nylon webbing. Sewn with heavy-gauge nylon thread, double-stitched for strength and durability. Adjustable non-slip CAM buckles. Commercial grade grips and integrated foot cradles with neoprene padding for comfort and traction. Sturdy carabiner with locking tooth to ensure safe training for the most advanced user. Adjustable from 160-270cm to accommodate users of all sizes and abilities. This versatile and portable training system allows you to engage multiple muscle groups while improving strength, stability, and flexibility. With adjustable straps and easy setup, you can take your workouts anywhere. Elevate your fitness journey and experience the benefits of suspended training."
"MBSUTR01","public","Unleash the power of bodyweight training with our Suspension Trainer. Suspension training is a brilliant alternative to conventional weight training. By using body weight alone you can train all muscle groups without the need to carry multiple dumbbells, plates and barbells.

Designed for the high-use demands of health clubs and fitness studios. 1 1/2'' industrial-grade nylon webbing. Sewn with heavy-gauge nylon thread, double-stitched for strength and durability. Adjustable non-slip CAM buckles. Commercial grade grips and integrated foot cradles with neoprene padding for comfort and traction. Sturdy carabiner with locking tooth to ensure safe training for the most advanced user. Adjustable from 160-270cm to accommodate users of all sizes and abilities. This versatile and portable training system allows you to engage multiple muscle groups while improving strength, stability, and flexibility. With adjustable straps and easy setup, you can take your workouts anywhere. Elevate your fitness journey and experience the benefits of suspended training."
"SBSUTR01","portal","Unleash the power of bodyweight training with our Suspension Trainer. Suspension training is a brilliant alternative to conventional weight training. By using body weight alone you can train all muscle groups without the need to carry multiple dumbbells, plates and barbells.

Designed for the high-use demands of health clubs and fitness studios. 1 1/2'' industrial-grade nylon webbing. Sewn with heavy-gauge nylon thread, double-stitched for strength and durability. Adjustable non-slip CAM buckles. Commercial grade grips and integrated foot cradles with neoprene padding for comfort and traction. Sturdy carabiner with locking tooth to ensure safe training for the most advanced user. Adjustable from 160-270cm to accommodate users of all sizes and abilities. This versatile and portable training system allows you to engage multiple muscle groups while improving strength, stability, and flexibility. With adjustable straps and easy setup, you can take your workouts anywhere. Elevate your fitness journey and experience the benefits of suspended training."
"MSBMPL01","public","Engineered for maximum performance, this incline T-bar row machine allows you to target and develop your back muscles with precision.

Our T-Bar Row Machine (Incline), the ultimate addition to your strength training routine. With adjustable footrests and padded support, it ensures proper form and comfort. Elevate your strength workouts with this durable and versatile fitness equipment.

- The MasterKraft Pro Strength Line represents the absolute best value full commercial rated strength pieces available on the market today
- Expert biomechanics ensure controlled, natural movement, providing an enjoyable experience for all users
- Articulating seats adjust at an angle to ensure optimum positioning and effectiveness for exercisers of all sizes
- Sleek design and quality materials combine for impressive aesthetics.
- Adjustment dials and knobs have a large diameter and are colour coded for easy use and recognition. Seats can also be adjusted with one-hand operation"
"RWWLPVC01","portal","Whether it’s used by an Olympic weight lifter perfecting his form or a beginner learning the basics, an effective technique bar is one that best simulates the real weight training experience.

That’s why the REVL Technique/Training Bar is manufactured specifically with the same 28mm outer diameter and correct Olympic knurl marks as our competition bars. At a price tag only a few bucks more than the makeshift PVC pipe or broomstick currently sitting in your gym, the 60-inch Technique/Training Bar is a durable technique training tool that can double as a starter bar for kids and beginners or as a rehab bar for athletes recovering from injury.

- Length: 60""
- Black durable PVC
- 28mm Diameter"
"SAAAU02","portal","Made with performance-focused materials, this cap helps manage heat and sweat during high-intensity sessions. The curved brim provides sun protection for outdoor workouts, while the adjustable closure allows for a secure, personalised fit.

Part of our expanding apparel range, the Training Cap is designed to complement the same performance standards as the equipment we supply - practical, durable and ready for the demands of training enviornments.

- Standard fit with curved brim
- Water resistant fabric
- Sweat wicking internal band
- Adjustable velcro closure"
"SAAAU01","portal","Built for training days, busy gym floors, and everything in betweeen. The performaance Trucker Hat is a durable, breathable cap designed to keep you comfortable while representing your training lifestyle.

Featuring a structured front panel and ventaled mesh back, it helps keep you cool during workouts, coaching sessions, or long days in the gym. The curved brim provides sun protection for outdoor training, while the adjustable snapback closure ensures a secure and comforable fit.

A practical addition to any athlete's gear bag, this Trucker Hat is part of our expanding apparel range, designed to complement the same performance standards as the equipment we supply.

- Structured front panel for durability and shape
- Breathable mesh back to help regulate heat
- Adjustable snapback closure for a secure fit
- Curved brim for shade during outdoor training
- Lightweight design suitable for all-day wear"
"RBCTACC01","portal","Crafted with precision and innovation, this exercise equipment is your ticket to rapid total body strength. Its ergonomic design ensures a comfortable, stable and effective rolling experience.

A versatile training tool, combining the benefits of a glute-hamstring developer, an abdominal wheel and more. Engineered with durability in mind, this Utility Roller is built to withstand the test of time. Compact and portable, it's the perfect companion for athletes and fitness enthusiasts alike. 
Ideal for bodyweight and single leg exercises including pikes, rollouts, hamstring curls, lunges and split squats. Elevate your core, upper and lower body strength with this unique utility roller!

- Comfortable grip and sturdy base
- Smooth bearings
- Compatible with power bands utilisng 3 metal pegs"
"SBCTACC01","portal","Crafted with precision and innovation, this exercise equipment is your ticket to rapid total body strength. Its ergonomic design ensures a comfortable, stable and effective rolling experience.

A versatile training tool, combining the benefits of a glute-hamstring developer, an abdominal wheel and more. Engineered with durability in mind, this Utility Roller is built to withstand the test of time. Compact and portable, it's the perfect companion for athletes and fitness enthusiasts alike. 
Ideal for bodyweight and single leg exercises including pikes, rollouts, hamstring curls, lunges and split squats. Elevate your core, upper and lower body strength with this unique utility roller!

- Comfortable grip and sturdy base
- Smooth bearings
- Compatible with power bands utilisng 3 metal pegs"
"MBCTACC01","public","Crafted with precision and innovation, this exercise equipment is your ticket to rapid total body strength. Its ergonomic design ensures a comfortable, stable and effective rolling experience.

A versatile training tool, combining the benefits of a glute-hamstring developer, an abdominal wheel and more. Engineered with durability in mind, this Utility Roller is built to withstand the test of time. Compact and portable, it's the perfect companion for athletes and fitness enthusiasts alike. 
Ideal for bodyweight and single leg exercises including pikes, rollouts, hamstring curls, lunges and split squats. Elevate your core, upper and lower body strength with this unique utility roller!

- Comfortable grip and sturdy base
- Smooth bearings
- Compatible with power bands utilisng 3 metal pegs"
"SEWMBB02","portal","Upgrade your gym's organisation with our Wall-Mounted Vertical Barbell Storage Rack, featuring space for six barbells. Crafted for efficiency and convenience, this rack provides a sleek and space-saving solution for keeping your barbells organised and easily accessible.

Built with heavy-duty materials, it ensures your valuable equipment is secure and protected. The vertical design adds a modern and efficient touch to your workout area, while the wall-mounted feature saves floor space. Installation is a breeze, making it effortless to transform your gym into an organised and efficient space. Whether you're a fitness enthusiast or a professional, our Vertical Barbell Storage Rack streamlines your fitness equipment storage and elevates your gym's functionality.

- 6 bar vertical storage capacity
- Suitable for Olympic bars
- Anti-scratch HDPE liners to protect bars
- Wall mounted design
- Black powder coating finish"
"MEWMBB02","public","Upgrade your gym's organisation with our Wall-Mounted Vertical Barbell Storage Rack, featuring space for six barbells. Crafted for efficiency and convenience, this rack provides a sleek and space-saving solution for keeping your barbells organised and easily accessible.

Built with heavy-duty materials, it ensures your valuable equipment is secure and protected. The vertical design adds a modern and efficient touch to your workout area, while the wall-mounted feature saves floor space. Installation is a breeze, making it effortless to transform your gym into an organised and efficient space. Whether you're a fitness enthusiast or a professional, our Vertical Barbell Storage Rack streamlines your fitness equipment storage and elevates your gym's functionality.

- 6 bar vertical storage capacity
- Suitable for Olympic bars
- Anti-scratch HDPE liners to protect bars
- Wall mounted design
- Black powder coating finish"
"SEWMOP01","portal","Maximise your workout space with our Wall-Mounted Vertical Bumper Plate Rack in a convenient 3-tier design. Crafted for both efficiency and style, this sleek and space-saving rack keeps your bumper plates neatly organised and easily accessible.

This sleek and sturdy rack provides a convenient storage solution for your bumper plates, keeping them organised and easily accessible. The vertical design saves valuable floor space, while the three-tier configuration accommodates different plate sizes. Keep your workout area clutter-free with this efficient bumper plate rack."
"MEWMOP01","public","Maximise your workout space with our Wall-Mounted Vertical Bumper Plate Rack in a convenient 3-tier design. Crafted for both efficiency and style, this sleek and space-saving rack keeps your bumper plates neatly organised and easily accessible.

This sleek and sturdy rack provides a convenient storage solution for your bumper plates, keeping them organised and easily accessible. The vertical design saves valuable floor space, while the three-tier configuration accommodates different plate sizes. Keep your workout area clutter-free with this efficient bumper plate rack."
"REWMOP01","portal","Maximise your workout space with our Wall-Mounted Vertical Bumper Plate Rack in a convenient 3-tier design. Crafted for both efficiency and style, this sleek and space-saving rack keeps your bumper plates neatly organised and easily accessible.

This sleek and sturdy rack provides a convenient storage solution for your bumper plates, keeping them organised and easily accessible. The vertical design saves valuable floor space, while the three-tier configuration accommodates different plate sizes. Keep your workout area clutter-free with this efficient bumper plate rack.

- Securely store your Olympic weight plates and bumper plates on the wall
- Wall mounted design can hold up to 420kgs of weight plates
- 4 holes to secure to the wall
- Includes screws/washers for fixing to wall
- Black powder coating finish"
"MEFRDB05","public","Maximise your gym's storage capacity with our Double Sided Vertical Dumbbell Rack - 10 Pair.

This versatile and sturdy rack can hold up to 10 pairs of dumbbells, allowing you to efficiently organise your weights. The double-sided design provides easy access from both sides, making it ideal for busy gym environments. The durable construction ensures long-lasting performance, while the compact footprint saves valuable floor space. Keep your dumbbells organised and within reach with this functional and space-saving storage solution.

- Made with thick plate welded steel reinforced frame
- Vertical sleek design
- Holds 10 pair of round head dumbbells
- Branded front and back boards
- Compact, space saving design
- PU saddles"
"SEFRDB05","portal","Maximise your gym's storage capacity with our Double Sided Vertical Dumbbell Rack - 10 Pair.

This versatile and sturdy rack can hold up to 10 pairs of dumbbells, allowing you to efficiently organise your weights. The double-sided design provides easy access from both sides, making it ideal for busy gym environments. The durable construction ensures long-lasting performance, while the compact footprint saves valuable floor space. Keep your dumbbells organised and within reach with this functional and space-saving storage solution.

- Made with thick plate welded steel reinforced frame
- Vertical sleek design
- Holds 10 pair of round head dumbbells
- Branded front and back boards
- Compact, space saving design
- PU saddles"
"SEFRDB12","portal","Maximise your gym's storage capacity with our Double Sided Vertical Dumbbell Rack - 10 Pair.

This versatile and sturdy rack can hold up to 10 pairs of dumbbells, allowing you to efficiently organise your weights. The double-sided design provides easy access from both sides, making it ideal for busy gym environments. The durable construction ensures long-lasting performance, while the compact footprint saves valuable floor space. Keep your dumbbells organised and within reach with this functional and space-saving storage solution.

- Made with thick plate welded steel reinforced frame
- Vertical sleek design
- Holds 10 pair of round head dumbbells
- Branded front and back boards
- Compact, space saving design
- PU saddles"
"MEFRDB01","public","Organise your dumbbells and optimise your gym space with our Vertical Dumbbell Rack - 10 Pair (Single Sided). This sturdy and space-saving storage solution is designed to hold up to 10 pairs of dumbbells in a single-sided configuration.

The compact design allows for easy placement against a wall, while the durable steel construction ensures long-lasting durability. Keep your dumbbells easily accessible and neatly stored with the Vertical Dumbbell Rack - 10 Pair (Single Sided), enhancing the efficiency and tidiness of your gym or fitness facility."
"SEFRDB01","portal","Organise your dumbbells and optimise your gym space with our Vertical Dumbbell Rack - 10 Pair (Single Sided). This sturdy and space-saving storage solution is designed to hold up to 10 pairs of dumbbells in a single-sided configuration.

The compact design allows for easy placement against a wall, while the durable steel construction ensures long-lasting durability. Keep your dumbbells easily accessible and neatly stored with the Vertical Dumbbell Rack - 10 Pair (Single Sided), enhancing the efficiency and tidiness of your gym or fitness facility."
"MEFRDB02","public","Organise your dumbbells and optimise your gym space with our Vertical Dumbbell Rack - 10 Pair (Single Sided). This sturdy and space-saving storage solution is designed to hold up to 10 pairs of dumbbells in a single-sided configuration.

The compact design allows for easy placement against a wall, while the durable steel construction ensures long-lasting durability. Keep your dumbbells easily accessible and neatly stored with the Vertical Dumbbell Rack - 10 Pair (Single Sided), enhancing the efficiency and tidiness of your gym or fitness facility.

- Made with thick plate welded steel reinforced frame
- Vertical sleek design
- Holds 10 pair of dumbbells
- Compact, space saving design
- Black powder coating finish"
"SEFRDB02","portal","Organise your dumbbells and optimise your gym space with our Vertical Dumbbell Rack - 10 Pair (Single Sided). This sturdy and space-saving storage solution is designed to hold up to 10 pairs of dumbbells in a single-sided configuration.

The compact design allows for easy placement against a wall, while the durable steel construction ensures long-lasting durability. Keep your dumbbells easily accessible and neatly stored with the Vertical Dumbbell Rack - 10 Pair (Single Sided), enhancing the efficiency and tidiness of your gym or fitness facility.

- Made with thick plate welded steel reinforced frame
- Vertical sleek design
- Holds 10 pair of dumbbells
- Compact, space saving design
- Black powder coating finish"
"SEFRDB04","portal","Organise your dumbbells and optimise your gym space with our Vertical Dumbbell Rack - 10 Pair (Single Sided). This sturdy and space-saving storage solution is designed to hold up to 10 pairs of dumbbells in a single-sided configuration.

The compact design allows for easy placement against a wall, while the durable steel construction ensures long-lasting durability. Keep your dumbbells easily accessible and neatly stored with the Vertical Dumbbell Rack - 10 Pair (Single Sided), enhancing the efficiency and tidiness of your gym or fitness facility.

- Made with thick plate welded steel reinforced frame
- Vertical sleek design
- Holds 10 pair of dumbbells
- Compact, space saving design
- Black powder coating finish"
"MEFRDB04","public","Organise your dumbbells and optimise your gym space with our Vertical Dumbbell Rack - 10 Pair (Single Sided). This sturdy and space-saving storage solution is designed to hold up to 10 pairs of dumbbells in a single-sided configuration.

The compact design allows for easy placement against a wall, while the durable steel construction ensures long-lasting durability. Keep your dumbbells easily accessible and neatly stored with the Vertical Dumbbell Rack - 10 Pair (Single Sided), enhancing the efficiency and tidiness of your gym or fitness facility.

- Made with thick plate welded steel reinforced frame
- Vertical sleek design
- Holds 10 pair of dumbbells
- Compact, space saving design
- Black powder coating finish"
"SEFRDB03","portal","Organise your dumbbells and optimise your gym space with our Vertical Dumbbell Rack - 15 Pair (Single Sided). This sturdy and space-saving storage solution is designed to hold up to 15 pairs of dumbbells in a single-sided configuration.

The compact design allows for easy placement against a wall, while the durable steel construction ensures long-lasting durability. Keep your dumbbells easily accessible and neatly stored with the Vertical Dumbbell Rack - 15 Pair (Single Sided), enhancing the efficiency and tidiness of your gym or fitness facility.

- Made with thick plate welded steel reinforced frame
- Vertical sleek design
- Holds 15 pair of dumbbells
- Compact, space saving design
- Black powder coating finish"
"MEFRDB03","public","Organise your dumbbells and optimise your gym space with our Vertical Dumbbell Rack - 15 Pair (Single Sided). This sturdy and space-saving storage solution is designed to hold up to 15 pairs of dumbbells in a single-sided configuration.

The compact design allows for easy placement against a wall, while the durable steel construction ensures long-lasting durability. Keep your dumbbells easily accessible and neatly stored with the Vertical Dumbbell Rack - 15 Pair (Single Sided), enhancing the efficiency and tidiness of your gym or fitness facility.

- Made with thick plate welded steel reinforced frame
- Vertical sleek design
- Holds 15 pair of dumbbells
- Compact, space saving design
- Black powder coating finish"
"SEFRDB06","portal","Efficiently store and transport your dumbbells with our Portable Vertical Dumbbell Rack (Four Sided).

This compact and versatile rack features a four-sided design, allowing for easy access and storage of multiple dumbbells. The portable nature of the rack makes it convenient for gyms, fitness studios, or home use. With its sturdy construction and reliable functionality, this Vertical Dumbbell Rack ensures your dumbbells are organised, protected, and readily available for your workouts. Simplify your dumbbell storage needs with this portable and space-saving solution."
"AEFRDB06","public","Efficiently store and transport your dumbbells with our Portable Vertical Dumbbell Rack (Four Sided).

This compact and versatile rack features a four-sided design, allowing for easy access and storage of multiple dumbbells. The portable nature of the rack makes it convenient for gyms, fitness studios, or home use. With its sturdy construction and reliable functionality, this Vertical Dumbbell Rack ensures your dumbbells are organised, protected, and readily available for your workouts. Simplify your dumbbell storage needs with this portable and space-saving solution."
"MEFRDB06","public","Efficiently store and transport your dumbbells with our Portable Vertical Dumbbell Rack (Four Sided).

This compact and versatile rack features a four-sided design, allowing for easy access and storage of multiple dumbbells. The portable nature of the rack makes it convenient for gyms, fitness studios, or home use. With its sturdy construction and reliable functionality, this Vertical Dumbbell Rack ensures your dumbbells are organised, protected, and readily available for your workouts. Simplify your dumbbell storage needs with this portable and space-saving solution."
"RWWAACC01","portal","Boost your weightlifting performance and safety with our Weightlifting Belt. Crafted for both durability and support, this belt is designed to provide crucial lumbar and core stability during your lifts.

Its adjustable and secure buckle ensures a snug fit, reducing the risk of injury while maximising your lifting potential. Whether you're a beginner or a seasoned lifter, our Weightlifting Belt offers the support you need for squats, deadlifts, and more. Elevate your training and protect your back with this essential fitness accessory. Invest in the Weightlifting Belt and experience improved confidence and performance in your weightlifting journey.

- Protect your back during heavy lifting
- Contoured fit
- Black buckle and roller for smooth adjustments
- 1/4"" thick foam frame"
"MWWAACC01","public","Boost your weightlifting performance and safety with our Weightlifting Belt. Crafted for both durability and support, this belt is designed to provide crucial lumbar and core stability during your lifts.

Its adjustable and secure buckle ensures a snug fit, reducing the risk of injury while maximising your lifting potential. Whether you're a beginner or a seasoned lifter, our Weightlifting Belt offers the support you need for squats, deadlifts, and more. Elevate your training and protect your back with this essential fitness accessory. Invest in the Weightlifting Belt and experience improved confidence and performance in your weightlifting journey.

- Protect your back during heavy lifting
- Contoured fit
- Black buckle and roller for smooth adjustments
- 1/4"" thick foam frame"
"SWWAACC01","portal","Boost your weightlifting performance and safety with our Weightlifting Belt. Crafted for both durability and support, this belt is designed to provide crucial lumbar and core stability during your lifts.

Its adjustable and secure buckle ensures a snug fit, reducing the risk of injury while maximising your lifting potential. Whether you're a beginner or a seasoned lifter, our Weightlifting Belt offers the support you need for squats, deadlifts, and more. Elevate your training and protect your back with this essential fitness accessory. Invest in the Weightlifting Belt and experience improved confidence and performance in your weightlifting journey.

- Protect your back during heavy lifting
- Contoured fit
- Black buckle and roller for smooth adjustments
- 1/4"" thick foam frame"
"RWWLCH02","portal","Maximise your grip and performance with our Weightlifting Chalk Box.

Designed for athletes of all levels, this high-quality chalk provides excellent grip and reduces the risk of slippage during weightlifting sessions. The convenient box ensures easy access and mess-free application, making it an essential accessory for any serious lifter.

- Maximise your grip and boost your performance
- Absorbs moisture on your hands
- 8 blocks per box
- 440 grams"
"MWWLCH01","public","Maximise your grip and performance with our Weightlifting Chalk Box.

Designed for athletes of all levels, this high-quality chalk provides excellent grip and reduces the risk of slippage during weightlifting sessions. The convenient box ensures easy access and mess-free application, making it an essential accessory for any serious lifter.

- Maximise your grip and boost your performance
- Absorbs moisture on your hands
- 8 blocks per box
- 440 grams"
"SWWLCH01","portal","Maximise your grip and performance with our Weightlifting Chalk Box.

Designed for athletes of all levels, this high-quality chalk provides excellent grip and reduces the risk of slippage during weightlifting sessions. The convenient box ensures easy access and mess-free application, making it an essential accessory for any serious lifter.

- Maximise your grip and boost your performance
- Absorbs moisture on your hands
- 8 blocks per box
- 440 grams"
